"GEO_ID","NAME","B99283_001E","B99283_002E","B99283_003E","B99283_004E","B99283_005E"
"id","Geographic Area Name","Estimate!!Total","Estimate!!Total!!Allocated!!Dial-up","Estimate!!Total!!Allocated!!Broadband such as cable, fiberoptic, or DSL, satellite, and other service","Estimate!!Total!!Allocated!!Cellular data plan","Estimate!!Total!!Not allocated"
"1400000US41019150000","Census Tract 1500, Douglas County, Oregon","2822","14","14","232","2590"
"1400000US41019210000","Census Tract 2100, Douglas County, Oregon","1949","26","26","209","1731"
"1400000US41019010000","Census Tract 100, Douglas County, Oregon","1064","18","18","118","946"
"1400000US41019040000","Census Tract 400, Douglas County, Oregon","1139","73","73","161","968"
"1400000US41019050002","Census Tract 500.02, Douglas County, Oregon","2823","221","221","475","2309"
"1400000US41019100000","Census Tract 1000, Douglas County, Oregon","1180","5","5","127","1048"
"1400000US41019120000","Census Tract 1200, Douglas County, Oregon","3362","139","139","592","2753"
"1400000US41019090000","Census Tract 900, Douglas County, Oregon","2778","130","130","560","2199"
"1400000US41019130000","Census Tract 1300, Douglas County, Oregon","2345","73","73","378","1967"
"1400000US41019170000","Census Tract 1700, Douglas County, Oregon","1371","27","27","166","1203"
"1400000US41019030000","Census Tract 300, Douglas County, Oregon","1594","68","68","184","1400"
"1400000US41019060000","Census Tract 600, Douglas County, Oregon","1469","19","19","272","1197"
"1400000US41019070000","Census Tract 700, Douglas County, Oregon","1931","49","49","329","1593"
"1400000US41019200000","Census Tract 2000, Douglas County, Oregon","2061","88","88","152","1895"
"1400000US41023960200","Census Tract 9602, Grant County, Oregon","2483","68","68","231","2232"
"1400000US41067032410","Census Tract 324.10, Washington County, Oregon","1377","0","0","103","1274"
"1400000US41067032501","Census Tract 325.01, Washington County, Oregon","949","4","4","53","892"
"1400000US41067032502","Census Tract 325.02, Washington County, Oregon","1083","12","12","102","981"
"1400000US41067032503","Census Tract 325.03, Washington County, Oregon","1353","17","17","173","1163"
"1400000US41067032607","Census Tract 326.07, Washington County, Oregon","2583","54","54","265","2284"
"1400000US41067032608","Census Tract 326.08, Washington County, Oregon","1020","17","17","162","858"
"1400000US41067032609","Census Tract 326.09, Washington County, Oregon","955","8","8","139","816"
"1400000US41067032610","Census Tract 326.10, Washington County, Oregon","967","17","17","100","856"
"1400000US41067033101","Census Tract 331.01, Washington County, Oregon","1168","0","0","153","1015"
"1400000US41067033102","Census Tract 331.02, Washington County, Oregon","1218","24","24","120","1088"
"1400000US41067033301","Census Tract 333.01, Washington County, Oregon","2098","22","22","137","1952"
"1400000US41067033302","Census Tract 333.02, Washington County, Oregon","1921","114","121","325","1582"
"1400000US41069960100","Census Tract 9601, Wheeler County, Oregon","661","28","28","55","592"
"1400000US41071030101","Census Tract 301.01, Yamhill County, Oregon","2173","41","41","349","1805"
"1400000US41071030102","Census Tract 301.02, Yamhill County, Oregon","2968","81","81","548","2402"
"1400000US41071030301","Census Tract 303.01, Yamhill County, Oregon","3310","133","145","472","2811"
"1400000US41071030302","Census Tract 303.02, Yamhill County, Oregon","760","38","38","147","609"
"1400000US41003010600","Census Tract 106, Benton County, Oregon","1713","77","77","204","1485"
"1400000US41071030601","Census Tract 306.01, Yamhill County, Oregon","1378","56","56","161","1181"
"1400000US41071030602","Census Tract 306.02, Yamhill County, Oregon","2346","72","72","359","1945"
"1400000US41003000202","Census Tract 2.02, Benton County, Oregon","2217","0","0","237","1980"
"1400000US41003010702","Census Tract 107.02, Benton County, Oregon","1090","30","30","115","965"
"1400000US41003010800","Census Tract 108, Benton County, Oregon","1341","31","31","191","1150"
"1400000US41003010900","Census Tract 109, Benton County, Oregon","2097","41","41","372","1725"
"1400000US41023960100","Census Tract 9601, Grant County, Oregon","811","16","16","51","759"
"1400000US41031960100","Census Tract 9601, Jefferson County, Oregon","575","3","3","70","505"
"1400000US41053005202","Census Tract 52.02, Polk County, Oregon","3814","42","42","431","3369"
"1400000US41039001002","Census Tract 10.02, Lane County, Oregon","1677","36","36","145","1532"
"1400000US41039001804","Census Tract 18.04, Lane County, Oregon","1366","19","19","176","1180"
"1400000US41039001902","Census Tract 19.02, Lane County, Oregon","2394","56","56","265","2112"
"1400000US41039002201","Census Tract 22.01, Lane County, Oregon","1638","41","41","234","1404"
"1400000US41039000404","Census Tract 4.04, Lane County, Oregon","1467","39","39","134","1323"
"1400000US41039000702","Census Tract 7.02, Lane County, Oregon","1126","19","19","199","908"
"1400000US41039000902","Census Tract 9.02, Lane County, Oregon","1791","14","14","214","1577"
"1400000US41039001201","Census Tract 12.01, Lane County, Oregon","1433","39","39","155","1266"
"1400000US41039003102","Census Tract 31.02, Lane County, Oregon","3459","80","80","314","3145"
"1400000US41039003700","Census Tract 37, Lane County, Oregon","706","0","0","38","668"
"1400000US41039005200","Census Tract 52, Lane County, Oregon","1030","37","37","185","838"
"1400000US41039003500","Census Tract 35, Lane County, Oregon","1613","40","40","280","1323"
"1400000US41039003600","Census Tract 36, Lane County, Oregon","1631","58","58","156","1466"
"1400000US41039001301","Census Tract 13.01, Lane County, Oregon","1397","17","17","128","1262"
"1400000US41039001803","Census Tract 18.03, Lane County, Oregon","1676","25","25","189","1487"
"1400000US41039001904","Census Tract 19.04, Lane County, Oregon","2303","12","12","209","2094"
"1400000US41039002001","Census Tract 20.01, Lane County, Oregon","1444","28","28","204","1227"
"1400000US41071030501","Census Tract 305.01, Yamhill County, Oregon","1755","59","59","234","1521"
"1400000US41071030702","Census Tract 307.02, Yamhill County, Oregon","2864","86","86","453","2389"
"1400000US41071031000","Census Tract 310, Yamhill County, Oregon","1419","16","16","140","1279"
"1400000US41071030201","Census Tract 302.01, Yamhill County, Oregon","2098","65","65","210","1888"
"1400000US41005020403","Census Tract 204.03, Clackamas County, Oregon","1319","20","20","183","1116"
"1400000US41005020404","Census Tract 204.04, Clackamas County, Oregon","1456","32","32","158","1289"
"1400000US41005020504","Census Tract 205.04, Clackamas County, Oregon","2560","235","235","514","1957"
"1400000US41005020505","Census Tract 205.05, Clackamas County, Oregon","1173","54","54","318","855"
"1400000US41005022105","Census Tract 221.05, Clackamas County, Oregon","2251","44","44","246","2005"
"1400000US41005022107","Census Tract 221.07, Clackamas County, Oregon","1822","76","76","318","1504"
"1400000US41005022108","Census Tract 221.08, Clackamas County, Oregon","1381","140","140","275","1106"
"1400000US41005022205","Census Tract 222.05, Clackamas County, Oregon","1424","31","31","257","1167"
"1400000US41005022206","Census Tract 222.06, Clackamas County, Oregon","2491","107","107","479","1993"
"1400000US41005022207","Census Tract 222.07, Clackamas County, Oregon","1971","57","57","312","1636"
"1400000US41005022208","Census Tract 222.08, Clackamas County, Oregon","2391","85","85","371","2013"
"1400000US41005022301","Census Tract 223.01, Clackamas County, Oregon","1536","82","82","287","1249"
"1400000US41005022302","Census Tract 223.02, Clackamas County, Oregon","2071","158","158","509","1562"
"1400000US41005022603","Census Tract 226.03, Clackamas County, Oregon","1438","50","50","218","1220"
"1400000US41005022605","Census Tract 226.05, Clackamas County, Oregon","2649","52","52","368","2253"
"1400000US41005022710","Census Tract 227.10, Clackamas County, Oregon","1131","22","22","143","981"
"1400000US41005022606","Census Tract 226.06, Clackamas County, Oregon","1818","69","69","280","1538"
"1400000US41005022707","Census Tract 227.07, Clackamas County, Oregon","2413","15","15","326","2087"
"1400000US41005022708","Census Tract 227.08, Clackamas County, Oregon","1518","36","36","225","1293"
"1400000US41005022904","Census Tract 229.04, Clackamas County, Oregon","1376","21","21","172","1193"
"1400000US41005022905","Census Tract 229.05, Clackamas County, Oregon","1625","16","16","205","1420"
"1400000US41005022906","Census Tract 229.06, Clackamas County, Oregon","1226","95","95","194","1022"
"1400000US41005022907","Census Tract 229.07, Clackamas County, Oregon","1492","146","146","199","1252"
"1400000US41005023001","Census Tract 230.01, Clackamas County, Oregon","1251","34","34","163","1088"
"1400000US41005023002","Census Tract 230.02, Clackamas County, Oregon","1440","88","88","276","1164"
"1400000US41005023403","Census Tract 234.03, Clackamas County, Oregon","1973","57","57","385","1585"
"1400000US41005023404","Census Tract 234.04, Clackamas County, Oregon","2332","59","59","411","1921"
"1400000US41005023901","Census Tract 239.01, Clackamas County, Oregon","1855","32","32","214","1641"
"1400000US41005023902","Census Tract 239.02, Clackamas County, Oregon","1892","89","89","166","1673"
"1400000US41005024303","Census Tract 243.03, Clackamas County, Oregon","1164","9","9","127","1037"
"1400000US41005024304","Census Tract 243.04, Clackamas County, Oregon","984","0","0","79","905"
"1400000US41005980000","Census Tract 9800, Clackamas County, Oregon","22","0","0","4","18"
"1400000US41071030400","Census Tract 304, Yamhill County, Oregon","2882","97","97","216","2607"
"1400000US41071030701","Census Tract 307.01, Yamhill County, Oregon","3376","127","127","542","2776"
"1400000US41071030801","Census Tract 308.01, Yamhill County, Oregon","2175","59","59","146","2018"
"1400000US41071030502","Census Tract 305.02, Yamhill County, Oregon","1786","48","48","165","1606"
"1400000US41071030802","Census Tract 308.02, Yamhill County, Oregon","1286","37","37","128","1139"
"1400000US41071030900","Census Tract 309, Yamhill County, Oregon","1413","43","43","143","1257"
"1400000US41071030202","Census Tract 302.02, Yamhill County, Oregon","2208","47","47","233","1947"
"1400000US41001950300","Census Tract 9503, Baker County, Oregon","1122","55","55","137","957"
"1400000US41001950100","Census Tract 9501, Baker County, Oregon","1255","8","8","134","1121"
"1400000US41001950400","Census Tract 9504, Baker County, Oregon","1231","72","72","261","970"
"1400000US41001950600","Census Tract 9506, Baker County, Oregon","925","25","25","107","810"
"1400000US41001950200","Census Tract 9502, Baker County, Oregon","1422","20","20","194","1221"
"1400000US41001950500","Census Tract 9505, Baker County, Oregon","972","45","45","75","883"
"1400000US41033361100","Census Tract 3611, Josephine County, Oregon","4007","297","297","747","3232"
"1400000US41033361300","Census Tract 3613, Josephine County, Oregon","3059","84","84","624","2435"
"1400000US41033361400","Census Tract 3614, Josephine County, Oregon","1205","44","44","171","1010"
"1400000US41033360701","Census Tract 3607.01, Josephine County, Oregon","1763","56","56","224","1539"
"1400000US41033360300","Census Tract 3603, Josephine County, Oregon","2359","121","121","380","1918"
"1400000US41033360400","Census Tract 3604, Josephine County, Oregon","1875","76","76","237","1638"
"1400000US41047010503","Census Tract 105.03, Marion County, Oregon","1469","45","45","158","1273"
"1400000US41047010701","Census Tract 107.01, Marion County, Oregon","2923","113","113","329","2531"
"1400000US41047001503","Census Tract 15.03, Marion County, Oregon","1739","68","68","123","1599"
"1400000US41047001601","Census Tract 16.01, Marion County, Oregon","2715","127","127","294","2328"
"1400000US41033361200","Census Tract 3612, Josephine County, Oregon","2905","85","85","372","2490"
"1400000US41033360100","Census Tract 3601, Josephine County, Oregon","899","49","49","136","744"
"1400000US41033360900","Census Tract 3609, Josephine County, Oregon","1186","40","40","181","1005"
"1400000US41033360600","Census Tract 3606, Josephine County, Oregon","2596","98","98","406","2173"
"1400000US41033360702","Census Tract 3607.02, Josephine County, Oregon","2661","102","102","326","2335"
"1400000US41033361000","Census Tract 3610, Josephine County, Oregon","2090","125","125","366","1712"
"1400000US41033361500","Census Tract 3615, Josephine County, Oregon","1097","100","100","195","855"
"1400000US41033361600","Census Tract 3616, Josephine County, Oregon","3610","271","271","509","3095"
"1400000US41033360800","Census Tract 3608, Josephine County, Oregon","2219","72","72","400","1801"
"1400000US41033360500","Census Tract 3605, Josephine County, Oregon","2447","14","14","188","2259"
"1400000US41035970200","Census Tract 9702, Klamath County, Oregon","2188","20","20","171","2014"
"1400000US41035970800","Census Tract 9708, Klamath County, Oregon","944","33","33","157","787"
"1400000US41035971600","Census Tract 9716, Klamath County, Oregon","1514","19","19","119","1395"
"1400000US41035971200","Census Tract 9712, Klamath County, Oregon","1006","38","38","77","929"
"1400000US41035971300","Census Tract 9713, Klamath County, Oregon","2157","47","47","235","1891"
"1400000US41035970600","Census Tract 9706, Klamath County, Oregon","579","11","17","31","537"
"1400000US41035970900","Census Tract 9709, Klamath County, Oregon","1800","28","28","235","1545"
"1400000US41035971900","Census Tract 9719, Klamath County, Oregon","1548","14","14","152","1388"
"1400000US41035972000","Census Tract 9720, Klamath County, Oregon","1842","24","24","202","1640"
"1400000US41035970100","Census Tract 9701, Klamath County, Oregon","1330","15","15","67","1248"
"1400000US41035970400","Census Tract 9704, Klamath County, Oregon","532","11","11","60","472"
"1400000US41035971400","Census Tract 9714, Klamath County, Oregon","2020","91","91","206","1795"
"1400000US41035971500","Census Tract 9715, Klamath County, Oregon","1773","54","54","149","1594"
"1400000US41035971800","Census Tract 9718, Klamath County, Oregon","1070","43","43","93","968"
"1400000US41035970300","Census Tract 9703, Klamath County, Oregon","1256","22","22","220","1036"
"1400000US41035970500","Census Tract 9705, Klamath County, Oregon","646","48","48","81","551"
"1400000US41035971100","Census Tract 9711, Klamath County, Oregon","1976","21","21","151","1825"
"1400000US41035970700","Census Tract 9707, Klamath County, Oregon","839","2","2","39","798"
"1400000US41035971700","Census Tract 9717, Klamath County, Oregon","1445","71","71","242","1203"
"1400000US41035971000","Census Tract 9710, Klamath County, Oregon","937","23","23","121","816"
"1400000US41059950500","Census Tract 9505, Umatilla County, Oregon","1789","63","63","209","1553"
"1400000US41059950700","Census Tract 9507, Umatilla County, Oregon","979","81","81","144","797"
"1400000US41059950900","Census Tract 9509, Umatilla County, Oregon","1605","80","80","63","1462"
"1400000US41059950200","Census Tract 9502, Umatilla County, Oregon","2636","11","11","187","2438"
"1400000US41059951400","Census Tract 9514, Umatilla County, Oregon","919","7","7","26","886"
"1400000US41059950300","Census Tract 9503, Umatilla County, Oregon","1118","31","31","118","979"
"1400000US41059950400","Census Tract 9504, Umatilla County, Oregon","1725","92","92","207","1446"
"1400000US41047002000","Census Tract 20, Marion County, Oregon","4305","63","63","517","3760"
"1400000US41047001603","Census Tract 16.03, Marion County, Oregon","2297","33","33","149","2130"
"1400000US41047001604","Census Tract 16.04, Marion County, Oregon","2842","189","189","306","2436"
"1400000US41047001701","Census Tract 17.01, Marion County, Oregon","2430","34","34","173","2223"
"1400000US41047001703","Census Tract 17.03, Marion County, Oregon","1522","54","54","142","1340"
"1400000US41047002400","Census Tract 24, Marion County, Oregon","1491","23","23","224","1252"
"1400000US41047010304","Census Tract 103.04, Marion County, Oregon","1684","49","49","143","1537"
"1400000US41047010400","Census Tract 104, Marion County, Oregon","1694","112","112","191","1449"
"1400000US41047010305","Census Tract 103.05, Marion County, Oregon","1235","81","81","125","1043"
"1400000US41047001803","Census Tract 18.03, Marion County, Oregon","1115","31","31","147","959"
"1400000US41047002600","Census Tract 26, Marion County, Oregon","680","17","17","87","587"
"1400000US41047002700","Census Tract 27, Marion County, Oregon","3265","69","69","425","2811"
"1400000US41047010501","Census Tract 105.01, Marion County, Oregon","2122","76","76","232","1888"
"1400000US41047000400","Census Tract 4, Marion County, Oregon","1759","26","26","153","1606"
"1400000US41047001000","Census Tract 10, Marion County, Oregon","1556","32","32","160","1375"
"1400000US41047001100","Census Tract 11, Marion County, Oregon","2049","49","49","243","1769"
"1400000US41047010303","Census Tract 103.03, Marion County, Oregon","1273","65","65","114","1151"
"1400000US41047010502","Census Tract 105.02, Marion County, Oregon","2488","152","152","462","2007"
"1400000US41047001702","Census Tract 17.02, Marion County, Oregon","1718","90","90","174","1497"
"1400000US41047000600","Census Tract 6, Marion County, Oregon","1920","82","82","227","1611"
"1400000US41047000200","Census Tract 2, Marion County, Oregon","1292","46","46","208","1075"
"1400000US41047000300","Census Tract 3, Marion County, Oregon","1943","8","8","130","1805"
"1400000US41047001200","Census Tract 12, Marion County, Oregon","1664","86","86","240","1405"
"1400000US41047000900","Census Tract 9, Marion County, Oregon","2210","15","15","229","1981"
"1400000US41047001502","Census Tract 15.02, Marion County, Oregon","1764","28","28","217","1547"
"1400000US41047002800","Census Tract 28, Marion County, Oregon","1519","61","61","274","1237"
"1400000US41047010100","Census Tract 101, Marion County, Oregon","471","22","22","47","413"
"1400000US41047010600","Census Tract 106, Marion County, Oregon","1020","15","15","91","918"
"1400000US41047001300","Census Tract 13, Marion County, Oregon","1935","58","58","208","1727"
"1400000US41047001501","Census Tract 15.01, Marion County, Oregon","1805","64","64","294","1497"
"1400000US41059950600","Census Tract 9506, Umatilla County, Oregon","2343","30","30","299","2044"
"1400000US41059950800","Census Tract 9508, Umatilla County, Oregon","2086","110","110","245","1810"
"1400000US41059951000","Census Tract 9510, Umatilla County, Oregon","2388","70","70","293","2095"
"1400000US41059951300","Census Tract 9513, Umatilla County, Oregon","1420","97","97","113","1257"
"1400000US41059950100","Census Tract 9501, Umatilla County, Oregon","1647","54","54","244","1370"
"1400000US41059951100","Census Tract 9511, Umatilla County, Oregon","2064","106","106","240","1773"
"1400000US41059951200","Census Tract 9512, Umatilla County, Oregon","3157","195","195","388","2661"
"1400000US41047001602","Census Tract 16.02, Marion County, Oregon","3454","96","96","309","3078"
"1400000US41047001802","Census Tract 18.02, Marion County, Oregon","2507","65","65","154","2336"
"1400000US41047002301","Census Tract 23.01, Marion County, Oregon","1250","37","37","148","1073"
"1400000US41051003100","Census Tract 31, Multnomah County, Oregon","1909","34","34","282","1627"
"1400000US41051004602","Census Tract 46.02, Multnomah County, Oregon","885","4","4","155","730"
"1400000US41051006900","Census Tract 69, Multnomah County, Oregon","1149","8","8","129","1020"
"1400000US41051003000","Census Tract 30, Multnomah County, Oregon","1925","29","29","369","1556"
"1400000US41051008301","Census Tract 83.01, Multnomah County, Oregon","1657","81","81","162","1482"
"1400000US41051010001","Census Tract 100.01, Multnomah County, Oregon","2475","108","108","288","2153"
"1400000US41051000401","Census Tract 4.01, Multnomah County, Oregon","1496","10","10","145","1351"
"1400000US41051004101","Census Tract 41.01, Multnomah County, Oregon","2881","70","70","202","2625"
"1400000US41053005300","Census Tract 53, Polk County, Oregon","3670","162","162","639","2973"
"1400000US41053020202","Census Tract 202.02, Polk County, Oregon","2761","47","47","333","2402"
"1400000US41053005201","Census Tract 52.01, Polk County, Oregon","3455","50","50","453","3002"
"1400000US41053020204","Census Tract 202.04, Polk County, Oregon","1833","29","29","271","1553"
"1400000US41053005100","Census Tract 51, Polk County, Oregon","882","12","12","72","810"
"1400000US41053020203","Census Tract 202.03, Polk County, Oregon","1082","0","0","149","933"
"1400000US41053020302","Census Tract 203.02, Polk County, Oregon","3359","102","102","438","2890"
"1400000US41053020400","Census Tract 204, Polk County, Oregon","2318","69","69","280","2014"
"1400000US41005020100","Census Tract 201, Clackamas County, Oregon","1700","7","7","249","1444"
"1400000US41005020302","Census Tract 203.02, Clackamas County, Oregon","1774","47","47","275","1499"
"1400000US41005020900","Census Tract 209, Clackamas County, Oregon","1714","59","59","261","1453"
"1400000US41005021602","Census Tract 216.02, Clackamas County, Oregon","1988","11","11","273","1715"
"1400000US41005024200","Census Tract 242, Clackamas County, Oregon","2409","52","52","214","2195"
"1400000US41005021900","Census Tract 219, Clackamas County, Oregon","1418","94","94","285","1114"
"1400000US41005022800","Census Tract 228, Clackamas County, Oregon","1995","85","85","452","1542"
"1400000US41005023202","Census Tract 232.02, Clackamas County, Oregon","2618","56","56","445","2173"
"1400000US41005021000","Census Tract 210, Clackamas County, Oregon","2013","59","59","320","1680"
"1400000US41005021500","Census Tract 215, Clackamas County, Oregon","2056","46","46","336","1686"
"1400000US41005021801","Census Tract 218.01, Clackamas County, Oregon","2248","48","48","332","1902"
"1400000US41005022602","Census Tract 226.02, Clackamas County, Oregon","1661","87","87","309","1352"
"1400000US41005022702","Census Tract 227.02, Clackamas County, Oregon","2674","73","73","370","2286"
"1400000US41005021300","Census Tract 213, Clackamas County, Oregon","2374","139","139","484","1861"
"1400000US41005020401","Census Tract 204.01, Clackamas County, Oregon","2258","64","64","487","1771"
"1400000US41005021100","Census Tract 211, Clackamas County, Oregon","2233","135","135","448","1785"
"1400000US41005021400","Census Tract 214, Clackamas County, Oregon","1968","20","20","417","1551"
"1400000US41005022000","Census Tract 220, Clackamas County, Oregon","2452","48","48","337","2115"
"1400000US41005023100","Census Tract 231, Clackamas County, Oregon","2356","49","49","375","1970"
"1400000US41005023300","Census Tract 233, Clackamas County, Oregon","1850","81","81","380","1450"
"1400000US41005020501","Census Tract 205.01, Clackamas County, Oregon","2735","73","73","555","2180"
"1400000US41005020700","Census Tract 207, Clackamas County, Oregon","1467","44","44","231","1236"
"1400000US41005022500","Census Tract 225, Clackamas County, Oregon","2983","198","198","437","2518"
"1400000US41005023401","Census Tract 234.01, Clackamas County, Oregon","1804","31","31","299","1496"
"1400000US41041951800","Census Tract 9518, Lincoln County, Oregon","1516","30","30","94","1409"
"1400000US41041951700","Census Tract 9517, Lincoln County, Oregon","908","24","24","64","832"
"1400000US41041950400","Census Tract 9504, Lincoln County, Oregon","1745","26","26","267","1470"
"1400000US41041950800","Census Tract 9508, Lincoln County, Oregon","1636","47","47","299","1320"
"1400000US41041950100","Census Tract 9501, Lincoln County, Oregon","1357","26","26","143","1214"
"1400000US41041951100","Census Tract 9511, Lincoln County, Oregon","777","11","11","109","662"
"1400000US41041951600","Census Tract 9516, Lincoln County, Oregon","1532","5","5","84","1448"
"1400000US41041950900","Census Tract 9509, Lincoln County, Oregon","1502","57","57","224","1250"
"1400000US41041951000","Census Tract 9510, Lincoln County, Oregon","891","37","37","98","793"
"1400000US41041951200","Census Tract 9512, Lincoln County, Oregon","1009","8","8","142","867"
"1400000US41041951400","Census Tract 9514, Lincoln County, Oregon","1172","34","34","119","1041"
"1400000US41041951500","Census Tract 9515, Lincoln County, Oregon","1316","14","14","192","1124"
"1400000US41041951300","Census Tract 9513, Lincoln County, Oregon","1007","31","31","126","870"
"1400000US41003000500","Census Tract 5, Benton County, Oregon","1384","20","20","240","1135"
"1400000US41003000900","Census Tract 9, Benton County, Oregon","2432","48","48","310","2122"
"1400000US41003001002","Census Tract 10.02, Benton County, Oregon","1312","9","9","65","1247"
"1400000US41003001001","Census Tract 10.01, Benton County, Oregon","1727","72","72","181","1546"
"1400000US41003001102","Census Tract 11.02, Benton County, Oregon","1778","27","27","223","1555"
"1400000US41003010400","Census Tract 104, Benton County, Oregon","1491","65","65","178","1310"
"1400000US41003010100","Census Tract 101, Benton County, Oregon","3427","66","66","488","2939"
"1400000US41003000400","Census Tract 4, Benton County, Oregon","3313","26","26","432","2881"
"1400000US41003000100","Census Tract 1, Benton County, Oregon","3208","11","11","218","2990"
"1400000US41067030805","Census Tract 308.05, Washington County, Oregon","1767","31","31","295","1457"
"1400000US41067030806","Census Tract 308.06, Washington County, Oregon","1083","44","44","96","971"
"1400000US41067031513","Census Tract 315.13, Washington County, Oregon","4121","138","138","749","3344"
"1400000US41067031514","Census Tract 315.14, Washington County, Oregon","2703","77","77","370","2297"
"1400000US41067031617","Census Tract 316.17, Washington County, Oregon","2428","15","15","155","2273"
"1400000US41067031614","Census Tract 316.14, Washington County, Oregon","1832","57","57","217","1604"
"1400000US41067031615","Census Tract 316.15, Washington County, Oregon","1735","35","35","197","1511"
"1400000US41067031616","Census Tract 316.16, Washington County, Oregon","1770","18","18","215","1555"
"1400000US41067031812","Census Tract 318.12, Washington County, Oregon","2571","0","0","322","2249"
"1400000US41067031813","Census Tract 318.13, Washington County, Oregon","2146","38","38","289","1857"
"1400000US41067031814","Census Tract 318.14, Washington County, Oregon","1328","27","27","253","1075"
"1400000US41067031815","Census Tract 318.15, Washington County, Oregon","2608","90","90","346","2249"
"1400000US41067031907","Census Tract 319.07, Washington County, Oregon","2929","136","136","528","2335"
"1400000US41067031908","Census Tract 319.08, Washington County, Oregon","2627","105","105","370","2192"
"1400000US41067031909","Census Tract 319.09, Washington County, Oregon","1686","52","52","262","1410"
"1400000US41067031910","Census Tract 319.10, Washington County, Oregon","3232","48","48","373","2859"
"1400000US41067031911","Census Tract 319.11, Washington County, Oregon","2167","93","93","322","1845"
"1400000US41067031912","Census Tract 319.12, Washington County, Oregon","1658","27","27","188","1462"
"1400000US41067032003","Census Tract 320.03, Washington County, Oregon","1859","57","57","214","1642"
"1400000US41067032004","Census Tract 320.04, Washington County, Oregon","868","11","11","74","794"
"1400000US41067032005","Census Tract 320.05, Washington County, Oregon","2035","62","62","146","1880"
"1400000US41067032107","Census Tract 321.07, Washington County, Oregon","773","4","4","107","666"
"1400000US41067032108","Census Tract 321.08, Washington County, Oregon","1529","23","23","149","1380"
"1400000US41067032109","Census Tract 321.09, Washington County, Oregon","1034","16","16","160","869"
"1400000US41067032110","Census Tract 321.10, Washington County, Oregon","969","28","28","84","879"
"1400000US41067032407","Census Tract 324.07, Washington County, Oregon","1900","36","36","162","1738"
"1400000US41067032408","Census Tract 324.08, Washington County, Oregon","2930","87","87","490","2440"
"1400000US41067032409","Census Tract 324.09, Washington County, Oregon","1524","36","36","117","1398"
"1400000US41039002202","Census Tract 22.02, Lane County, Oregon","2950","146","146","376","2477"
"1400000US41039003800","Census Tract 38, Lane County, Oregon","3561","34","34","240","3321"
"1400000US41039004200","Census Tract 42, Lane County, Oregon","1470","24","24","186","1284"
"1400000US41039004600","Census Tract 46, Lane County, Oregon","1270","18","18","148","1122"
"1400000US41039005100","Census Tract 51, Lane County, Oregon","1518","0","0","114","1404"
"1400000US41039003202","Census Tract 32.02, Lane County, Oregon","1802","39","39","249","1553"
"1400000US41039002501","Census Tract 25.01, Lane County, Oregon","1766","37","37","174","1592"
"1400000US41039002700","Census Tract 27, Lane County, Oregon","1594","44","44","256","1338"
"1400000US41039003201","Census Tract 32.01, Lane County, Oregon","1253","64","64","152","1065"
"1400000US41039001202","Census Tract 12.02, Lane County, Oregon","1762","26","26","224","1527"
"1400000US41039001500","Census Tract 15, Lane County, Oregon","1978","50","50","275","1703"
"1400000US41039001801","Census Tract 18.01, Lane County, Oregon","1962","23","23","184","1778"
"1400000US41039005400","Census Tract 54, Lane County, Oregon","2337","84","84","305","2015"
"1400000US41039004300","Census Tract 43, Lane County, Oregon","2812","187","187","372","2389"
"1400000US41039004700","Census Tract 47, Lane County, Oregon","1686","44","44","245","1430"
"1400000US41039005000","Census Tract 50, Lane County, Oregon","2240","101","101","414","1826"
"1400000US41039004403","Census Tract 44.03, Lane County, Oregon","2490","41","41","194","2288"
"1400000US41039004800","Census Tract 48, Lane County, Oregon","2059","40","40","280","1779"
"1400000US41039000903","Census Tract 9.03, Lane County, Oregon","2010","31","31","324","1680"
"1400000US41039001302","Census Tract 13.02, Lane County, Oregon","2109","47","47","260","1833"
"1400000US41039001600","Census Tract 16, Lane County, Oregon","1980","75","75","252","1673"
"1400000US41039002101","Census Tract 21.01, Lane County, Oregon","1099","31","31","112","979"
"1400000US41039003400","Census Tract 34, Lane County, Oregon","2002","17","17","189","1806"
"1400000US41039002102","Census Tract 21.02, Lane County, Oregon","2957","157","157","395","2562"
"1400000US41039002404","Census Tract 24.04, Lane County, Oregon","1616","50","50","283","1322"
"1400000US41039002800","Census Tract 28, Lane County, Oregon","1933","5","5","160","1768"
"1400000US41039004100","Census Tract 41, Lane County, Oregon","1701","52","52","309","1392"
"1400000US41039004900","Census Tract 49, Lane County, Oregon","1692","8","8","185","1499"
"1400000US41039005300","Census Tract 53, Lane County, Oregon","1014","48","48","185","798"
"1400000US41039000300","Census Tract 3, Lane County, Oregon","894","35","35","108","784"
"1400000US41039001101","Census Tract 11.01, Lane County, Oregon","2276","67","67","219","2057"
"1400000US41039001102","Census Tract 11.02, Lane County, Oregon","1362","47","47","160","1202"
"1400000US41039001400","Census Tract 14, Lane County, Oregon","987","20","20","137","838"
"1400000US41039001700","Census Tract 17, Lane County, Oregon","2175","49","49","341","1834"
"1400000US41039002401","Census Tract 24.01, Lane County, Oregon","1564","18","18","241","1323"
"1400000US41039002902","Census Tract 29.02, Lane County, Oregon","1741","71","71","272","1461"
"1400000US41039003000","Census Tract 30, Lane County, Oregon","2060","58","58","310","1718"
"1400000US41039003900","Census Tract 39, Lane County, Oregon","1893","44","44","157","1736"
"1400000US41039000100","Census Tract 1, Lane County, Oregon","2338","82","82","326","1980"
"1400000US41039000500","Census Tract 5, Lane County, Oregon","934","34","34","123","800"
"1400000US41039000800","Census Tract 8, Lane County, Oregon","606","38","38","104","487"
"1400000US41039001903","Census Tract 19.03, Lane County, Oregon","1094","16","16","112","975"
"1400000US41039003101","Census Tract 31.01, Lane County, Oregon","2385","83","83","373","1985"
"1400000US41039004000","Census Tract 40, Lane County, Oregon","1324","99","99","177","1121"
"1400000US41039004401","Census Tract 44.01, Lane County, Oregon","2335","68","68","295","2029"
"1400000US41039000200","Census Tract 2, Lane County, Oregon","2021","70","70","252","1738"
"1400000US41039002600","Census Tract 26, Lane County, Oregon","2476","52","52","275","2201"
"1400000US41039000403","Census Tract 4.03, Lane County, Oregon","2256","150","150","329","1868"
"1400000US41039000904","Census Tract 9.04, Lane County, Oregon","1273","32","32","147","1126"
"1400000US41039002002","Census Tract 20.02, Lane County, Oregon","2064","128","128","252","1776"
"1400000US41039002403","Census Tract 24.03, Lane County, Oregon","1702","44","44","226","1476"
"1400000US41045970300","Census Tract 9703, Malheur County, Oregon","1685","41","41","164","1502"
"1400000US41045970400","Census Tract 9704, Malheur County, Oregon","1698","84","84","126","1527"
"1400000US41047010702","Census Tract 107.02, Marion County, Oregon","2558","50","50","291","2246"
"1400000US41047010801","Census Tract 108.01, Marion County, Oregon","2120","15","15","289","1831"
"1400000US41047010802","Census Tract 108.02, Marion County, Oregon","2285","16","16","221","2064"
"1400000US41047001801","Census Tract 18.01, Marion County, Oregon","2363","66","66","279","2070"
"1400000US41029000300","Census Tract 3, Jackson County, Oregon","2418","154","154","220","2148"
"1400000US41029000202","Census Tract 2.02, Jackson County, Oregon","1361","8","8","70","1291"
"1400000US41029001700","Census Tract 17, Jackson County, Oregon","3354","118","118","434","2873"
"1400000US41029001900","Census Tract 19, Jackson County, Oregon","991","20","20","120","871"
"1400000US41029000100","Census Tract 1, Jackson County, Oregon","824","19","19","28","786"
"1400000US41029000203","Census Tract 2.03, Jackson County, Oregon","1623","0","0","145","1478"
"1400000US41029001302","Census Tract 13.02, Jackson County, Oregon","3412","93","93","504","2879"
"1400000US41029002200","Census Tract 22, Jackson County, Oregon","2217","92","92","284","1895"
"1400000US41005024100","Census Tract 241, Clackamas County, Oregon","1787","73","73","309","1478"
"1400000US41005020600","Census Tract 206, Clackamas County, Oregon","3109","87","87","419","2690"
"1400000US41005020303","Census Tract 203.03, Clackamas County, Oregon","2706","16","16","318","2388"
"1400000US41005022201","Census Tract 222.01, Clackamas County, Oregon","2726","120","120","274","2443"
"1400000US41005020800","Census Tract 208, Clackamas County, Oregon","1987","177","177","442","1545"
"1400000US41005022101","Census Tract 221.01, Clackamas County, Oregon","2558","128","128","438","2102"
"1400000US41005022103","Census Tract 221.03, Clackamas County, Oregon","2738","28","28","341","2384"
"1400000US41005022901","Census Tract 229.01, Clackamas County, Oregon","1350","45","45","213","1137"
"1400000US41005023500","Census Tract 235, Clackamas County, Oregon","2052","115","115","292","1744"
"1400000US41005023800","Census Tract 238, Clackamas County, Oregon","2296","43","43","357","1939"
"1400000US41005021601","Census Tract 216.01, Clackamas County, Oregon","2460","196","196","351","2099"
"1400000US41005023201","Census Tract 232.01, Clackamas County, Oregon","1542","91","91","298","1219"
"1400000US41005023600","Census Tract 236, Clackamas County, Oregon","1414","44","44","201","1203"
"1400000US41007990000","Census Tract 9900, Clatsop County, Oregon","0","0","0","0","0"
"1400000US41011000503","Census Tract 5.03, Coos County, Oregon","1003","26","26","160","834"
"1400000US41011000504","Census Tract 5.04, Coos County, Oregon","2566","60","60","304","2246"
"1400000US41011990101","Census Tract 9901.01, Coos County, Oregon","0","0","0","0","0"
"1400000US41015990101","Census Tract 9901.01, Curry County, Oregon","0","0","0","0","0"
"1400000US41017000100","Census Tract 1, Deschutes County, Oregon","741","6","6","96","645"
"1400000US41017000200","Census Tract 2, Deschutes County, Oregon","2190","41","41","120","2070"
"1400000US41017000300","Census Tract 3, Deschutes County, Oregon","3507","39","39","251","3240"
"1400000US41017000401","Census Tract 4.01, Deschutes County, Oregon","2065","17","17","182","1875"
"1400000US41017000402","Census Tract 4.02, Deschutes County, Oregon","1052","41","41","97","955"
"1400000US41017000500","Census Tract 5, Deschutes County, Oregon","2789","70","70","249","2514"
"1400000US41017000600","Census Tract 6, Deschutes County, Oregon","3259","143","157","579","2666"
"1400000US41017000700","Census Tract 7, Deschutes County, Oregon","2855","128","128","454","2354"
"1400000US41017000800","Census Tract 8, Deschutes County, Oregon","2834","73","73","375","2459"
"1400000US41017000900","Census Tract 9, Deschutes County, Oregon","3013","175","175","337","2587"
"1400000US41017001001","Census Tract 10.01, Deschutes County, Oregon","5467","47","47","769","4698"
"1400000US41017001002","Census Tract 10.02, Deschutes County, Oregon","942","4","4","99","843"
"1400000US41017001100","Census Tract 11, Deschutes County, Oregon","4429","22","22","470","3951"
"1400000US41017001200","Census Tract 12, Deschutes County, Oregon","2909","35","35","422","2472"
"1400000US41017001300","Census Tract 13, Deschutes County, Oregon","5359","20","20","583","4776"
"1400000US41017001400","Census Tract 14, Deschutes County, Oregon","2729","31","31","450","2279"
"1400000US41017001500","Census Tract 15, Deschutes County, Oregon","2817","71","71","314","2481"
"1400000US41017001600","Census Tract 16, Deschutes County, Oregon","2810","0","0","274","2536"
"1400000US41017001700","Census Tract 17, Deschutes County, Oregon","3567","40","40","408","3138"
"1400000US41017001800","Census Tract 18, Deschutes County, Oregon","4153","159","159","538","3549"
"1400000US41017002100","Census Tract 21, Deschutes County, Oregon","4928","66","66","535","4372"
"1400000US41017001901","Census Tract 19.01, Deschutes County, Oregon","701","6","6","132","569"
"1400000US41017001902","Census Tract 19.02, Deschutes County, Oregon","4080","97","97","520","3523"
"1400000US41017002000","Census Tract 20, Deschutes County, Oregon","3275","65","65","466","2809"
"1400000US41019990000","Census Tract 9900, Douglas County, Oregon","0","0","0","0","0"
"1400000US41025960100","Census Tract 9601, Harney County, Oregon","2329","36","36","297","2032"
"1400000US41025960200","Census Tract 9602, Harney County, Oregon","828","29","29","105","718"
"1400000US41029000403","Census Tract 4.03, Jackson County, Oregon","1593","29","29","293","1300"
"1400000US41029000404","Census Tract 4.04, Jackson County, Oregon","1741","98","98","311","1364"
"1400000US41029000405","Census Tract 4.05, Jackson County, Oregon","1748","13","13","216","1532"
"1400000US41029000406","Census Tract 4.06, Jackson County, Oregon","2035","100","100","266","1706"
"1400000US41029000501","Census Tract 5.01, Jackson County, Oregon","1323","8","8","134","1189"
"1400000US41029000502","Census Tract 5.02, Jackson County, Oregon","2368","33","33","232","2116"
"1400000US41029001001","Census Tract 10.01, Jackson County, Oregon","2602","60","60","323","2262"
"1400000US41029001002","Census Tract 10.02, Jackson County, Oregon","1711","74","74","191","1520"
"1400000US41029001601","Census Tract 16.01, Jackson County, Oregon","2103","22","22","197","1895"
"1400000US41029001602","Census Tract 16.02, Jackson County, Oregon","2884","104","104","442","2379"
"1400000US41031940000","Census Tract 9400, Jefferson County, Oregon","844","31","31","12","813"
"1400000US41031960201","Census Tract 9602.01, Jefferson County, Oregon","1168","68","68","47","1063"
"1400000US41031960202","Census Tract 9602.02, Jefferson County, Oregon","2011","141","141","259","1711"
"1400000US41031960301","Census Tract 9603.01, Jefferson County, Oregon","1711","133","133","269","1422"
"1400000US41031960302","Census Tract 9603.02, Jefferson County, Oregon","1583","42","42","127","1435"
"1400000US41039000705","Census Tract 7.05, Lane County, Oregon","1797","80","80","264","1533"
"1400000US41039000706","Census Tract 7.06, Lane County, Oregon","1197","36","36","212","976"
"1400000US41039000707","Census Tract 7.07, Lane County, Oregon","1976","65","65","231","1713"
"1400000US41039000708","Census Tract 7.08, Lane County, Oregon","1075","15","15","153","921"
"1400000US41039002301","Census Tract 23.01, Lane County, Oregon","1621","40","40","202","1419"
"1400000US41039002302","Census Tract 23.02, Lane County, Oregon","1676","25","25","182","1494"
"1400000US41039002503","Census Tract 25.03, Lane County, Oregon","3108","146","146","632","2476"
"1400000US41039002504","Census Tract 25.04, Lane County, Oregon","1141","21","21","152","980"
"1400000US41039002903","Census Tract 29.03, Lane County, Oregon","1157","30","30","152","1005"
"1400000US41039002904","Census Tract 29.04, Lane County, Oregon","2036","85","85","351","1663"
"1400000US41039003301","Census Tract 33.01, Lane County, Oregon","1292","42","42","148","1144"
"1400000US41039003302","Census Tract 33.02, Lane County, Oregon","1521","33","33","212","1304"
"1400000US41039004404","Census Tract 44.04, Lane County, Oregon","1373","18","18","177","1196"
"1400000US41039004405","Census Tract 44.05, Lane County, Oregon","1738","42","42","267","1438"
"1400000US41039004501","Census Tract 45.01, Lane County, Oregon","1425","18","18","164","1243"
"1400000US41039004502","Census Tract 45.02, Lane County, Oregon","1719","11","11","215","1493"
"1400000US41039990000","Census Tract 9900, Lane County, Oregon","0","0","0","0","0"
"1400000US41041950303","Census Tract 9503.03, Lincoln County, Oregon","716","36","36","138","559"
"1400000US41041950304","Census Tract 9503.04, Lincoln County, Oregon","1645","68","68","148","1438"
"1400000US41041950601","Census Tract 9506.01, Lincoln County, Oregon","1179","27","27","94","1085"
"1400000US41041950602","Census Tract 9506.02, Lincoln County, Oregon","1202","13","13","92","1110"
"1400000US41041990100","Census Tract 9901, Lincoln County, Oregon","0","0","0","0","0"
"1400000US41043020801","Census Tract 208.01, Linn County, Oregon","1073","40","40","121","952"
"1400000US41043020802","Census Tract 208.02, Linn County, Oregon","2449","13","13","208","2241"
"1400000US41047000502","Census Tract 5.02, Marion County, Oregon","1705","49","49","77","1579"
"1400000US41045940000","Census Tract 9400, Malheur County, Oregon","0","0","0","0","0"
"1400000US41045970900","Census Tract 9709, Malheur County, Oregon","1070","112","112","199","858"
"1400000US41047000501","Census Tract 5.01, Marion County, Oregon","1121","28","28","102","1019"
"1400000US41047000701","Census Tract 7.01, Marion County, Oregon","2049","112","112","192","1828"
"1400000US41047001401","Census Tract 14.01, Marion County, Oregon","2350","46","46","328","1995"
"1400000US41047001402","Census Tract 14.02, Marion County, Oregon","2212","47","47","283","1920"
"1400000US41047002101","Census Tract 21.01, Marion County, Oregon","1042","65","65","205","818"
"1400000US41047002102","Census Tract 21.02, Marion County, Oregon","2526","39","39","380","2146"
"1400000US41047002201","Census Tract 22.01, Marion County, Oregon","845","10","10","117","728"
"1400000US41047002202","Census Tract 22.02, Marion County, Oregon","2635","89","89","480","2128"
"1400000US41047002303","Census Tract 23.03, Marion County, Oregon","2810","40","40","387","2423"
"1400000US41047002304","Census Tract 23.04, Marion County, Oregon","2540","62","62","401","2097"
"1400000US41047002501","Census Tract 25.01, Marion County, Oregon","3504","56","56","455","3049"
"1400000US41047002502","Census Tract 25.02, Marion County, Oregon","2046","66","66","275","1746"
"1400000US41047010201","Census Tract 102.01, Marion County, Oregon","997","48","48","165","815"
"1400000US41047010202","Census Tract 102.02, Marion County, Oregon","2579","234","234","285","2156"
"1400000US41047010306","Census Tract 103.06, Marion County, Oregon","2924","128","128","319","2487"
"1400000US41047010307","Census Tract 103.07, Marion County, Oregon","2525","23","23","254","2271"
"1400000US41051002203","Census Tract 22.03, Multnomah County, Oregon","1843","12","12","167","1676"
"1400000US41051002303","Census Tract 23.03, Multnomah County, Oregon","1509","0","0","149","1360"
"1400000US41051006403","Census Tract 64.03, Multnomah County, Oregon","1721","77","77","221","1491"
"1400000US41051006404","Census Tract 64.04, Multnomah County, Oregon","1720","35","35","250","1445"
"1400000US41051009904","Census Tract 99.04, Multnomah County, Oregon","1346","8","8","201","1145"
"1400000US41051009905","Census Tract 99.05, Multnomah County, Oregon","1207","8","8","125","1074"
"1400000US41051009906","Census Tract 99.06, Multnomah County, Oregon","1296","25","25","201","1095"
"1400000US41051009907","Census Tract 99.07, Multnomah County, Oregon","1992","77","77","288","1687"
"1400000US41051010410","Census Tract 104.10, Multnomah County, Oregon","1704","72","72","236","1437"
"1400000US41051010411","Census Tract 104.11, Multnomah County, Oregon","1266","72","72","142","1099"
"1400000US41051010600","Census Tract 106, Multnomah County, Oregon","2080","47","47","240","1831"
"1400000US41051980000","Census Tract 9800, Multnomah County, Oregon","0","0","0","0","0"
"1400000US41053020303","Census Tract 203.03, Polk County, Oregon","1457","0","0","155","1302"
"1400000US41053020304","Census Tract 203.04, Polk County, Oregon","2611","153","153","467","2086"
"1400000US41053020500","Census Tract 205, Polk County, Oregon","2450","37","37","370","2080"
"1400000US41057990100","Census Tract 9901, Tillamook County, Oregon","0","0","0","0","0"
"1400000US41059940000","Census Tract 9400, Umatilla County, Oregon","1010","21","21","67","929"
"1400000US41067030101","Census Tract 301.01, Washington County, Oregon","4010","73","73","476","3524"
"1400000US41067030102","Census Tract 301.02, Washington County, Oregon","3081","13","13","586","2495"
"1400000US41005024400","Census Tract 244, Clackamas County, Oregon","3275","51","51","339","2903"
"1400000US41029003001","Census Tract 30.01, Jackson County, Oregon","1779","116","116","325","1433"
"1400000US41029000601","Census Tract 6.01, Jackson County, Oregon","2672","149","149","680","1976"
"1400000US41029001200","Census Tract 12, Jackson County, Oregon","1567","43","43","217","1343"
"1400000US41029003002","Census Tract 30.02, Jackson County, Oregon","1919","41","41","310","1609"
"1400000US41029002500","Census Tract 25, Jackson County, Oregon","1039","15","15","153","886"
"1400000US41029000602","Census Tract 6.02, Jackson County, Oregon","2914","180","180","478","2361"
"1400000US41029000201","Census Tract 2.01, Jackson County, Oregon","1462","45","45","146","1271"
"1400000US41029000900","Census Tract 9, Jackson County, Oregon","3391","122","122","556","2835"
"1400000US41029001400","Census Tract 14, Jackson County, Oregon","4409","126","126","542","3867"
"1400000US41029002300","Census Tract 23, Jackson County, Oregon","685","33","33","156","529"
"1400000US41029001500","Census Tract 15, Jackson County, Oregon","2249","36","36","338","1892"
"1400000US41029002400","Census Tract 24, Jackson County, Oregon","747","23","23","179","568"
"1400000US41029002700","Census Tract 27, Jackson County, Oregon","3234","98","98","438","2780"
"1400000US41029001100","Census Tract 11, Jackson County, Oregon","2026","0","0","353","1673"
"1400000US41029001301","Census Tract 13.01, Jackson County, Oregon","1587","53","53","188","1390"
"1400000US41029002100","Census Tract 21, Jackson County, Oregon","1717","96","96","344","1341"
"1400000US41029002900","Census Tract 29, Jackson County, Oregon","3343","48","48","380","2927"
"1400000US41029001800","Census Tract 18, Jackson County, Oregon","4053","82","82","569","3402"
"1400000US41003000600","Census Tract 6, Benton County, Oregon","2164","70","70","227","1919"
"1400000US41003010300","Census Tract 103, Benton County, Oregon","1338","48","48","198","1116"
"1400000US41003010200","Census Tract 102, Benton County, Oregon","1657","44","44","253","1393"
"1400000US41003001101","Census Tract 11.01, Benton County, Oregon","1367","28","28","135","1223"
"1400000US41009970200","Census Tract 9702, Columbia County, Oregon","2503","45","45","234","2247"
"1400000US41009970800","Census Tract 9708, Columbia County, Oregon","2782","80","80","191","2582"
"1400000US41009970300","Census Tract 9703, Columbia County, Oregon","1733","66","66","199","1502"
"1400000US41009970400","Census Tract 9704, Columbia County, Oregon","968","86","86","154","791"
"1400000US41009970700","Census Tract 9707, Columbia County, Oregon","1597","51","51","192","1398"
"1400000US41009971000","Census Tract 9710, Columbia County, Oregon","1821","77","77","219","1551"
"1400000US41009970500","Census Tract 9705, Columbia County, Oregon","2522","65","65","457","2038"
"1400000US41009971100","Census Tract 9711, Columbia County, Oregon","1295","8","8","116","1179"
"1400000US41009970600","Census Tract 9706, Columbia County, Oregon","2036","63","63","281","1729"
"1400000US41009970900","Census Tract 9709, Columbia County, Oregon","2039","26","26","246","1785"
"1400000US41013950400","Census Tract 9504, Crook County, Oregon","1790","94","94","221","1569"
"1400000US41013950100","Census Tract 9501, Crook County, Oregon","3097","108","121","394","2690"
"1400000US41013950200","Census Tract 9502, Crook County, Oregon","1803","28","28","187","1616"
"1400000US41013950300","Census Tract 9503, Crook County, Oregon","2649","91","91","354","2233"
"1400000US41055950100","Census Tract 9501, Sherman County, Oregon","736","22","22","69","655"
"1400000US41065970200","Census Tract 9702, Wasco County, Oregon","1290","5","5","147","1143"
"1400000US41065970500","Census Tract 9705, Wasco County, Oregon","1473","39","39","85","1382"
"1400000US41065970700","Census Tract 9707, Wasco County, Oregon","654","29","29","113","537"
"1400000US41065970400","Census Tract 9704, Wasco County, Oregon","1314","64","64","167","1113"
"1400000US41065970600","Census Tract 9706, Wasco County, Oregon","1057","19","19","89","949"
"1400000US41065970300","Census Tract 9703, Wasco County, Oregon","1131","37","37","109","1012"
"1400000US41065970100","Census Tract 9701, Wasco County, Oregon","1615","59","59","234","1352"
"1400000US41065970800","Census Tract 9708, Wasco County, Oregon","1732","60","60","134","1574"
"1400000US41039000402","Census Tract 4.02, Lane County, Oregon","1368","6","6","148","1220"
"1400000US41039001001","Census Tract 10.01, Lane County, Oregon","1026","37","37","175","845"
"1400000US41029002000","Census Tract 20, Jackson County, Oregon","1172","17","17","208","964"
"1400000US41029002600","Census Tract 26, Jackson County, Oregon","1159","36","36","142","1017"
"1400000US41029002800","Census Tract 28, Jackson County, Oregon","1872","38","38","238","1634"
"1400000US41029000800","Census Tract 8, Jackson County, Oregon","2553","160","160","362","2167"
"1400000US41029000700","Census Tract 7, Jackson County, Oregon","3560","109","109","528","2959"
"1400000US41019050001","Census Tract 500.01, Douglas County, Oregon","1876","99","99","282","1573"
"1400000US41019160000","Census Tract 1600, Douglas County, Oregon","3299","89","89","287","3012"
"1400000US41019180000","Census Tract 1800, Douglas County, Oregon","1618","65","65","181","1437"
"1400000US41019080000","Census Tract 800, Douglas County, Oregon","3344","102","102","603","2706"
"1400000US41019140000","Census Tract 1400, Douglas County, Oregon","2507","139","139","616","1863"
"1400000US41019190000","Census Tract 1900, Douglas County, Oregon","1878","55","55","211","1645"
"1400000US41019020000","Census Tract 200, Douglas County, Oregon","1420","58","58","211","1184"
"1400000US41019110000","Census Tract 1100, Douglas County, Oregon","1196","7","7","143","1046"
"1400000US41005024302","Census Tract 243.02, Clackamas County, Oregon","1959","46","46","295","1664"
"1400000US41005020304","Census Tract 203.04, Clackamas County, Oregon","2226","45","45","308","1918"
"1400000US41005021200","Census Tract 212, Clackamas County, Oregon","1931","93","93","234","1678"
"1400000US41005022400","Census Tract 224, Clackamas County, Oregon","1706","30","30","139","1559"
"1400000US41005023700","Census Tract 237, Clackamas County, Oregon","1773","45","45","246","1498"
"1400000US41005020200","Census Tract 202, Clackamas County, Oregon","2846","39","39","470","2376"
"1400000US41005021700","Census Tract 217, Clackamas County, Oregon","2922","101","101","415","2490"
"1400000US41005020503","Census Tract 205.03, Clackamas County, Oregon","977","22","22","95","874"
"1400000US41005024000","Census Tract 240, Clackamas County, Oregon","966","12","12","186","780"
"1400000US41005021802","Census Tract 218.02, Clackamas County, Oregon","1957","20","20","250","1707"
"1400000US41043020300","Census Tract 203, Linn County, Oregon","2839","21","21","370","2469"
"1400000US41043020400","Census Tract 204, Linn County, Oregon","1858","0","0","149","1709"
"1400000US41043030500","Census Tract 305, Linn County, Oregon","1729","51","51","191","1538"
"1400000US41043020700","Census Tract 207, Linn County, Oregon","2156","0","0","211","1945"
"1400000US41043030200","Census Tract 302, Linn County, Oregon","2461","73","73","248","2213"
"1400000US41043030300","Census Tract 303, Linn County, Oregon","876","26","26","121","755"
"1400000US41043030401","Census Tract 304.01, Linn County, Oregon","2490","71","71","168","2261"
"1400000US41043030700","Census Tract 307, Linn County, Oregon","1600","32","32","243","1349"
"1400000US41043030600","Census Tract 306, Linn County, Oregon","2501","50","50","240","2254"
"1400000US41043020200","Census Tract 202, Linn County, Oregon","877","0","0","85","792"
"1400000US41043020500","Census Tract 205, Linn County, Oregon","1669","41","41","184","1466"
"1400000US41043030902","Census Tract 309.02, Linn County, Oregon","2759","53","53","215","2530"
"1400000US41043030903","Census Tract 309.03, Linn County, Oregon","2514","36","36","318","2196"
"1400000US41043030904","Census Tract 309.04, Linn County, Oregon","1717","82","82","224","1474"
"1400000US41043020100","Census Tract 201, Linn County, Oregon","3922","62","62","509","3397"
"1400000US41043020600","Census Tract 206, Linn County, Oregon","3324","30","30","417","2895"
"1400000US41043030402","Census Tract 304.02, Linn County, Oregon","2713","63","63","168","2545"
"1400000US41043030800","Census Tract 308, Linn County, Oregon","3315","48","48","235","3038"
"1400000US41043030100","Census Tract 301, Linn County, Oregon","2188","20","20","289","1899"
"1400000US41057960300","Census Tract 9603, Tillamook County, Oregon","1058","37","37","191","848"
"1400000US41057960200","Census Tract 9602, Tillamook County, Oregon","1048","79","79","120","873"
"1400000US41057960800","Census Tract 9608, Tillamook County, Oregon","1239","11","11","60","1168"
"1400000US41057960600","Census Tract 9606, Tillamook County, Oregon","986","56","56","106","851"
"1400000US41057960100","Census Tract 9601, Tillamook County, Oregon","1607","44","44","168","1423"
"1400000US41057960400","Census Tract 9604, Tillamook County, Oregon","3047","126","126","421","2578"
"1400000US41057960500","Census Tract 9605, Tillamook County, Oregon","886","66","66","99","731"
"1400000US41057960700","Census Tract 9607, Tillamook County, Oregon","945","27","27","122","815"
"1400000US41045970600","Census Tract 9706, Malheur County, Oregon","1518","68","68","161","1331"
"1400000US41045970200","Census Tract 9702, Malheur County, Oregon","1813","82","82","180","1614"
"1400000US41045970500","Census Tract 9705, Malheur County, Oregon","1694","73","73","191","1490"
"1400000US41045970700","Census Tract 9707, Malheur County, Oregon","660","14","14","117","540"
"1400000US41063960200","Census Tract 9602, Wallowa County, Oregon","819","62","62","74","717"
"1400000US41063960300","Census Tract 9603, Wallowa County, Oregon","1446","26","26","106","1324"
"1400000US41067032104","Census Tract 321.04, Washington County, Oregon","1645","17","17","244","1401"
"1400000US41063960100","Census Tract 9601, Wallowa County, Oregon","900","24","24","127","773"
"1400000US41067032700","Census Tract 327, Washington County, Oregon","1950","25","25","248","1691"
"1400000US41067031804","Census Tract 318.04, Washington County, Oregon","2162","19","19","204","1944"
"1400000US41067033500","Census Tract 335, Washington County, Oregon","1390","11","11","162","1228"
"1400000US41067030401","Census Tract 304.01, Washington County, Oregon","2165","14","14","194","1971"
"1400000US41067030502","Census Tract 305.02, Washington County, Oregon","1617","57","57","240","1377"
"1400000US41067031200","Census Tract 312, Washington County, Oregon","3166","51","51","442","2724"
"1400000US41067031606","Census Tract 316.06, Washington County, Oregon","2160","21","21","199","1961"
"1400000US41067031613","Census Tract 316.13, Washington County, Oregon","2952","80","80","257","2631"
"1400000US41067031807","Census Tract 318.07, Washington County, Oregon","1571","74","74","192","1365"
"1400000US41067032404","Census Tract 324.04, Washington County, Oregon","2676","18","18","313","2345"
"1400000US41067032406","Census Tract 324.06, Washington County, Oregon","3166","115","115","397","2751"
"1400000US41067032604","Census Tract 326.04, Washington County, Oregon","2295","57","57","252","2043"
"1400000US41067033400","Census Tract 334, Washington County, Oregon","773","58","58","109","652"
"1400000US41067030200","Census Tract 302, Washington County, Oregon","2705","63","63","414","2272"
"1400000US41067030801","Census Tract 308.01, Washington County, Oregon","2869","39","39","217","2633"
"1400000US41067031611","Census Tract 316.11, Washington County, Oregon","2943","60","60","488","2455"
"1400000US41051009201","Census Tract 92.01, Multnomah County, Oregon","2907","116","116","443","2403"
"1400000US41051009804","Census Tract 98.04, Multnomah County, Oregon","1137","57","57","184","953"
"1400000US41051009903","Census Tract 99.03, Multnomah County, Oregon","2281","35","35","620","1641"
"1400000US41051010100","Census Tract 101, Multnomah County, Oregon","3664","54","54","392","3272"
"1400000US41051010306","Census Tract 103.06, Multnomah County, Oregon","1691","21","21","225","1454"
"1400000US41051010409","Census Tract 104.09, Multnomah County, Oregon","2865","139","139","400","2394"
"1400000US41051001601","Census Tract 16.01, Multnomah County, Oregon","2503","24","24","205","2284"
"1400000US41051000601","Census Tract 6.01, Multnomah County, Oregon","1952","61","61","281","1642"
"1400000US41051000901","Census Tract 9.01, Multnomah County, Oregon","2042","58","58","319","1698"
"1400000US41051000902","Census Tract 9.02, Multnomah County, Oregon","2108","68","68","167","1890"
"1400000US41051001702","Census Tract 17.02, Multnomah County, Oregon","1559","53","53","206","1318"
"1400000US41051001900","Census Tract 19, Multnomah County, Oregon","1972","10","10","254","1718"
"1400000US41051002501","Census Tract 25.01, Multnomah County, Oregon","1722","38","38","278","1437"
"1400000US41051002600","Census Tract 26, Multnomah County, Oregon","1076","21","21","145","931"
"1400000US41051002702","Census Tract 27.02, Multnomah County, Oregon","1694","22","22","163","1519"
"1400000US41051002902","Census Tract 29.02, Multnomah County, Oregon","2475","45","45","269","2191"
"1400000US41051003502","Census Tract 35.02, Multnomah County, Oregon","1043","0","0","77","966"
"1400000US41051003701","Census Tract 37.01, Multnomah County, Oregon","1969","78","78","191","1747"
"1400000US41051003902","Census Tract 39.02, Multnomah County, Oregon","1351","20","20","226","1125"
"1400000US41051004800","Census Tract 48, Multnomah County, Oregon","2049","15","15","271","1778"
"1400000US41051004900","Census Tract 49, Multnomah County, Oregon","2937","59","59","426","2511"
"1400000US41051006702","Census Tract 67.02, Multnomah County, Oregon","1449","26","26","223","1226"
"1400000US41051010500","Census Tract 105, Multnomah County, Oregon","1468","61","61","177","1275"
"1400000US41051008201","Census Tract 82.01, Multnomah County, Oregon","1308","47","47","178","1107"
"1400000US41051009603","Census Tract 96.03, Multnomah County, Oregon","1281","67","67","243","1006"
"1400000US41051010200","Census Tract 102, Multnomah County, Oregon","2401","42","42","295","2106"
"1400000US41051000302","Census Tract 3.02, Multnomah County, Oregon","2666","26","26","322","2344"
"1400000US41051003200","Census Tract 32, Multnomah County, Oregon","1758","63","63","289","1449"
"1400000US41051003302","Census Tract 33.02, Multnomah County, Oregon","1339","43","43","121","1193"
"1400000US41051003401","Census Tract 34.01, Multnomah County, Oregon","1516","57","57","206","1274"
"1400000US41051000501","Census Tract 5.01, Multnomah County, Oregon","1711","109","109","246","1386"
"1400000US41051001302","Census Tract 13.02, Multnomah County, Oregon","1401","20","20","248","1153"
"1400000US41051002401","Census Tract 24.01, Multnomah County, Oregon","1135","15","15","148","987"
"1400000US41051003402","Census Tract 34.02, Multnomah County, Oregon","1765","20","20","154","1604"
"1400000US41051003501","Census Tract 35.01, Multnomah County, Oregon","1552","41","41","213","1325"
"1400000US41051003601","Census Tract 36.01, Multnomah County, Oregon","2004","47","47","213","1791"
"1400000US41051004001","Census Tract 40.01, Multnomah County, Oregon","2734","83","83","241","2449"
"1400000US41051005200","Census Tract 52, Multnomah County, Oregon","3137","96","96","348","2789"
"1400000US41051005700","Census Tract 57, Multnomah County, Oregon","2354","16","16","273","2065"
"1400000US41051006001","Census Tract 60.01, Multnomah County, Oregon","738","23","23","92","642"
"1400000US41051006501","Census Tract 65.01, Multnomah County, Oregon","2404","43","43","340","2064"
"1400000US41051007202","Census Tract 72.02, Multnomah County, Oregon","1222","0","0","140","1082"
"1400000US41051007900","Census Tract 79, Multnomah County, Oregon","1817","28","28","216","1601"
"1400000US41051008202","Census Tract 82.02, Multnomah County, Oregon","3114","73","73","476","2638"
"1400000US41051008302","Census Tract 83.02, Multnomah County, Oregon","1497","31","31","133","1343"
"1400000US41051009302","Census Tract 93.02, Multnomah County, Oregon","1752","83","83","230","1484"
"1400000US41051009701","Census Tract 97.01, Multnomah County, Oregon","2159","14","14","265","1889"
"1400000US41051010303","Census Tract 103.03, Multnomah County, Oregon","2106","0","0","150","1956"
"1400000US41051000100","Census Tract 1, Multnomah County, Oregon","2866","44","44","474","2375"
"1400000US41051000602","Census Tract 6.02, Multnomah County, Oregon","2073","102","102","281","1781"
"1400000US41051000801","Census Tract 8.01, Multnomah County, Oregon","2102","19","19","317","1785"
"1400000US41051002901","Census Tract 29.01, Multnomah County, Oregon","1956","56","56","175","1754"
"1400000US41051003603","Census Tract 36.03, Multnomah County, Oregon","651","7","7","79","572"
"1400000US41051004002","Census Tract 40.02, Multnomah County, Oregon","1729","15","15","188","1541"
"1400000US41051004102","Census Tract 41.02, Multnomah County, Oregon","2096","12","12","255","1841"
"1400000US41051004300","Census Tract 43, Multnomah County, Oregon","446","6","6","50","396"
"1400000US41051004500","Census Tract 45, Multnomah County, Oregon","1353","10","10","190","1153"
"1400000US41051005000","Census Tract 50, Multnomah County, Oregon","2321","48","48","272","2037"
"1400000US41051006100","Census Tract 61, Multnomah County, Oregon","1015","9","9","124","891"
"1400000US41051006200","Census Tract 62, Multnomah County, Oregon","1269","7","7","177","1092"
"1400000US41051006601","Census Tract 66.01, Multnomah County, Oregon","1108","5","5","233","875"
"1400000US41051010405","Census Tract 104.05, Multnomah County, Oregon","2404","29","29","463","1928"
"1400000US41051001701","Census Tract 17.01, Multnomah County, Oregon","2981","48","48","288","2678"
"1400000US41051006602","Census Tract 66.02, Multnomah County, Oregon","2492","32","32","320","2153"
"1400000US41051009502","Census Tract 95.02, Multnomah County, Oregon","1597","46","46","284","1301"
"1400000US41051010407","Census Tract 104.07, Multnomah County, Oregon","1917","26","26","300","1617"
"1400000US41051002000","Census Tract 20, Multnomah County, Oregon","3442","48","48","335","3092"
"1400000US41067031703","Census Tract 317.03, Washington County, Oregon","1682","35","35","148","1499"
"1400000US41067031805","Census Tract 318.05, Washington County, Oregon","2390","25","25","302","2088"
"1400000US41067032103","Census Tract 321.03, Washington County, Oregon","3768","105","105","388","3338"
"1400000US41067030300","Census Tract 303, Washington County, Oregon","1942","56","56","349","1593"
"1400000US41067032603","Census Tract 326.03, Washington County, Oregon","2387","26","26","305","2060"
"1400000US41067032800","Census Tract 328, Washington County, Oregon","396","14","14","58","338"
"1400000US41067030803","Census Tract 308.03, Washington County, Oregon","2684","38","38","425","2246"
"1400000US41067031003","Census Tract 310.03, Washington County, Oregon","2956","14","14","330","2626"
"1400000US41067031006","Census Tract 310.06, Washington County, Oregon","2836","117","117","354","2420"
"1400000US41067031706","Census Tract 317.06, Washington County, Oregon","1985","19","19","248","1724"
"1400000US41067031610","Census Tract 316.10, Washington County, Oregon","3165","32","32","442","2705"
"1400000US41067032300","Census Tract 323, Washington County, Oregon","1965","11","11","147","1813"
"1400000US41067032606","Census Tract 326.06, Washington County, Oregon","2213","61","61","343","1857"
"1400000US41067032901","Census Tract 329.01, Washington County, Oregon","1935","61","61","160","1764"
"1400000US41067030402","Census Tract 304.02, Washington County, Oregon","2190","97","97","410","1760"
"1400000US41067030501","Census Tract 305.01, Washington County, Oregon","2088","12","12","260","1816"
"1400000US41067030700","Census Tract 307, Washington County, Oregon","675","18","18","57","618"
"1400000US41067031504","Census Tract 315.04, Washington County, Oregon","2549","0","0","345","2204"
"1400000US41067031612","Census Tract 316.12, Washington County, Oregon","1318","9","9","176","1133"
"1400000US41067031506","Census Tract 315.06, Washington County, Oregon","1519","30","30","191","1320"
"1400000US41067031609","Census Tract 316.09, Washington County, Oregon","5324","54","54","587","4737"
"1400000US41067031705","Census Tract 317.05, Washington County, Oregon","1867","62","62","249","1618"
"1400000US41067030600","Census Tract 306, Washington County, Oregon","2334","35","35","188","2111"
"1400000US41067031004","Census Tract 310.04, Washington County, Oregon","3090","74","74","517","2509"
"1400000US41067031100","Census Tract 311, Washington County, Oregon","1204","8","8","94","1110"
"1400000US41067031403","Census Tract 314.03, Washington County, Oregon","1888","70","70","276","1612"
"1400000US41067031507","Census Tract 315.07, Washington County, Oregon","2258","30","30","313","1945"
"1400000US41067031509","Census Tract 315.09, Washington County, Oregon","1785","0","0","175","1610"
"1400000US41067032902","Census Tract 329.02, Washington County, Oregon","2276","49","49","236","2023"
"1400000US41067031704","Census Tract 317.04, Washington County, Oregon","3017","154","154","430","2498"
"1400000US41067033000","Census Tract 330, Washington County, Oregon","2036","34","34","413","1612"
"1400000US41067033600","Census Tract 336, Washington County, Oregon","844","40","40","132","704"
"1400000US41051005600","Census Tract 56, Multnomah County, Oregon","2751","61","61","348","2382"
"1400000US41051006801","Census Tract 68.01, Multnomah County, Oregon","1108","0","0","159","949"
"1400000US41051009501","Census Tract 95.01, Multnomah County, Oregon","1895","72","72","319","1576"
"1400000US41051009400","Census Tract 94, Multnomah County, Oregon","2744","91","91","369","2369"
"1400000US41061970300","Census Tract 9703, Union County, Oregon","911","42","42","108","789"
"1400000US41061970700","Census Tract 9707, Union County, Oregon","1333","62","62","163","1161"
"1400000US41061970800","Census Tract 9708, Union County, Oregon","1560","47","47","183","1351"
"1400000US41061970600","Census Tract 9706, Union County, Oregon","1547","42","42","193","1323"
"1400000US41061970200","Census Tract 9702, Union County, Oregon","1286","19","19","120","1156"
"1400000US41061970500","Census Tract 9705, Union County, Oregon","1316","54","54","112","1183"
"1400000US41061970100","Census Tract 9701, Union County, Oregon","1324","40","40","124","1181"
"1400000US41061970400","Census Tract 9704, Union County, Oregon","1204","16","16","111","1093"
"1400000US41067031005","Census Tract 310.05, Washington County, Oregon","2126","26","26","288","1824"
"1400000US41067031402","Census Tract 314.02, Washington County, Oregon","1253","25","25","146","1107"
"1400000US41067031404","Census Tract 314.04, Washington County, Oregon","2289","54","54","314","1953"
"1400000US41067032200","Census Tract 322, Washington County, Oregon","2777","14","14","373","2404"
"1400000US41067031508","Census Tract 315.08, Washington County, Oregon","2813","50","50","463","2328"
"1400000US41067031511","Census Tract 315.11, Washington County, Oregon","1072","16","16","91","981"
"1400000US41067031806","Census Tract 318.06, Washington County, Oregon","2076","30","30","307","1769"
"1400000US41067033200","Census Tract 332, Washington County, Oregon","2406","114","114","198","2166"
"1400000US41067031300","Census Tract 313, Washington County, Oregon","3121","56","56","251","2870"
"1400000US41067032001","Census Tract 320.01, Washington County, Oregon","2220","52","52","218","1984"
"1400000US41067031904","Census Tract 319.04, Washington County, Oregon","1118","34","34","217","893"
"1400000US41067030900","Census Tract 309, Washington County, Oregon","2206","14","14","189","2003"
"1400000US41067031512","Census Tract 315.12, Washington County, Oregon","2664","74","74","272","2349"
"1400000US41049970200","Census Tract 9702, Morrow County, Oregon","1179","45","45","126","1032"
"1400000US41049970100","Census Tract 9701, Morrow County, Oregon","2780","197","197","214","2455"
"1400000US41007951200","Census Tract 9512, Clatsop County, Oregon","1229","52","52","155","1050"
"1400000US41007951300","Census Tract 9513, Clatsop County, Oregon","1002","16","16","140","856"
"1400000US41007950500","Census Tract 9505, Clatsop County, Oregon","1854","34","34","214","1640"
"1400000US41007950200","Census Tract 9502, Clatsop County, Oregon","1831","10","10","203","1618"
"1400000US41007950300","Census Tract 9503, Clatsop County, Oregon","1273","31","31","208","1065"
"1400000US41007950600","Census Tract 9506, Clatsop County, Oregon","1120","55","55","182","938"
"1400000US41007950900","Census Tract 9509, Clatsop County, Oregon","1987","24","24","261","1726"
"1400000US41007950100","Census Tract 9501, Clatsop County, Oregon","1441","24","24","123","1302"
"1400000US41007950700","Census Tract 9507, Clatsop County, Oregon","883","43","43","83","774"
"1400000US41007950400","Census Tract 9504, Clatsop County, Oregon","1421","8","8","194","1227"
"1400000US41007951100","Census Tract 9511, Clatsop County, Oregon","1869","22","22","114","1733"
"1400000US41011000200","Census Tract 2, Coos County, Oregon","1093","9","9","190","903"
"1400000US41011000100","Census Tract 1, Coos County, Oregon","2444","54","54","320","2101"
"1400000US41011000700","Census Tract 7, Coos County, Oregon","3190","109","109","407","2783"
"1400000US41011001000","Census Tract 10, Coos County, Oregon","3305","58","58","479","2803"
"1400000US41011001100","Census Tract 11, Coos County, Oregon","2549","127","127","354","2170"
"1400000US41011000600","Census Tract 6, Coos County, Oregon","1112","0","0","121","991"
"1400000US41011000800","Census Tract 8, Coos County, Oregon","1304","19","19","136","1168"
"1400000US41011000300","Census Tract 3, Coos County, Oregon","1304","23","23","283","1021"
"1400000US41011000400","Census Tract 4, Coos County, Oregon","2533","101","101","409","2083"
"1400000US41011000502","Census Tract 5.02, Coos County, Oregon","1298","28","28","143","1155"
"1400000US41011000900","Census Tract 9, Coos County, Oregon","2939","112","112","495","2444"
"1400000US41015950100","Census Tract 9501, Curry County, Oregon","1382","6","6","79","1303"
"1400000US41015950200","Census Tract 9502, Curry County, Oregon","2486","50","56","303","2159"
"1400000US41015950301","Census Tract 9503.01, Curry County, Oregon","2000","48","48","218","1765"
"1400000US41015950400","Census Tract 9504, Curry County, Oregon","2500","129","129","331","2122"
"1400000US41015950302","Census Tract 9503.02, Curry County, Oregon","2072","42","42","228","1844"
"1400000US41021960100","Census Tract 9601, Gilliam County, Oregon","848","24","24","30","811"
"1400000US41027950100","Census Tract 9501, Hood River County, Oregon","1361","15","15","148","1210"
"1400000US41027950200","Census Tract 9502, Hood River County, Oregon","2819","0","0","325","2494"
"1400000US41027950300","Census Tract 9503, Hood River County, Oregon","2602","71","71","360","2242"
"1400000US41027950400","Census Tract 9504, Hood River County, Oregon","1757","22","30","186","1563"
"1400000US41037960200","Census Tract 9602, Lake County, Oregon","2150","74","74","198","1919"
"1400000US41051000402","Census Tract 4.02, Multnomah County, Oregon","1425","49","49","166","1250"
"1400000US41037960100","Census Tract 9601, Lake County, Oregon","1344","16","16","38","1293"
"1400000US41051000301","Census Tract 3.01, Multnomah County, Oregon","2132","31","31","178","1941"
"1400000US41051000200","Census Tract 2, Multnomah County, Oregon","3101","15","15","334","2767"
"1400000US41051001102","Census Tract 11.02, Multnomah County, Oregon","705","8","8","91","611"
"1400000US41051001500","Census Tract 15, Multnomah County, Oregon","1372","27","27","123","1237"
"1400000US41051002801","Census Tract 28.01, Multnomah County, Oregon","1209","37","37","183","997"
"1400000US41051000502","Census Tract 5.02, Multnomah County, Oregon","1958","29","29","248","1700"
"1400000US41051000802","Census Tract 8.02, Multnomah County, Oregon","2140","27","27","299","1823"
"1400000US41051001000","Census Tract 10, Multnomah County, Oregon","2560","55","55","316","2244"
"1400000US41051001101","Census Tract 11.01, Multnomah County, Oregon","1539","22","22","108","1409"
"1400000US41051001201","Census Tract 12.01, Multnomah County, Oregon","2703","66","66","329","2355"
"1400000US41051001202","Census Tract 12.02, Multnomah County, Oregon","1552","46","46","179","1373"
"1400000US41051001301","Census Tract 13.01, Multnomah County, Oregon","1906","22","22","285","1621"
"1400000US41051001400","Census Tract 14, Multnomah County, Oregon","2480","47","47","436","2012"
"1400000US41051002502","Census Tract 25.02, Multnomah County, Oregon","2108","18","18","352","1756"
"1400000US41051002701","Census Tract 27.01, Multnomah County, Oregon","1217","36","36","217","1000"
"1400000US41051003803","Census Tract 38.03, Multnomah County, Oregon","1783","16","16","212","1564"
"1400000US41051004601","Census Tract 46.01, Multnomah County, Oregon","1495","30","30","264","1222"
"1400000US41051006300","Census Tract 63, Multnomah County, Oregon","1661","67","67","326","1316"
"1400000US41051006402","Census Tract 64.02, Multnomah County, Oregon","2107","21","21","310","1788"
"1400000US41051007000","Census Tract 70, Multnomah County, Oregon","3168","50","50","587","2581"
"1400000US41051007201","Census Tract 72.01, Multnomah County, Oregon","1181","38","38","154","1027"
"1400000US41051003802","Census Tract 38.02, Multnomah County, Oregon","1410","18","18","170","1240"
"1400000US41051003901","Census Tract 39.01, Multnomah County, Oregon","2885","12","12","335","2550"
"1400000US41051005500","Census Tract 55, Multnomah County, Oregon","1687","12","12","178","1509"
"1400000US41051005800","Census Tract 58, Multnomah County, Oregon","2411","41","41","292","2107"
"1400000US41051005900","Census Tract 59, Multnomah County, Oregon","4830","129","129","557","4227"
"1400000US41051006701","Census Tract 67.01, Multnomah County, Oregon","1373","22","22","181","1192"
"1400000US41051007300","Census Tract 73, Multnomah County, Oregon","188","0","0","9","179"
"1400000US41051008002","Census Tract 80.02, Multnomah County, Oregon","1136","29","29","169","967"
"1400000US41051008901","Census Tract 89.01, Multnomah County, Oregon","3177","82","82","499","2661"
"1400000US41051009000","Census Tract 90, Multnomah County, Oregon","3405","55","55","270","3100"
"1400000US41051009202","Census Tract 92.02, Multnomah County, Oregon","1724","35","35","102","1593"
"1400000US41051009301","Census Tract 93.01, Multnomah County, Oregon","2286","23","23","246","2031"
"1400000US41051009801","Census Tract 98.01, Multnomah County, Oregon","1482","34","34","82","1391"
"1400000US41051008400","Census Tract 84, Multnomah County, Oregon","1586","53","53","176","1384"
"1400000US41051008902","Census Tract 89.02, Multnomah County, Oregon","1472","26","26","202","1259"
"1400000US41051009101","Census Tract 91.01, Multnomah County, Oregon","2026","85","85","186","1807"
"1400000US41051010002","Census Tract 100.02, Multnomah County, Oregon","1964","28","28","279","1676"
"1400000US41051007600","Census Tract 76, Multnomah County, Oregon","1328","37","37","155","1144"
"1400000US41051007700","Census Tract 77, Multnomah County, Oregon","804","26","26","83","701"
"1400000US41051008100","Census Tract 81, Multnomah County, Oregon","3116","36","36","251","2865"
"1400000US41051008700","Census Tract 87, Multnomah County, Oregon","1793","34","34","236","1557"
"1400000US41051009102","Census Tract 91.02, Multnomah County, Oregon","2278","111","111","366","1912"
"1400000US41051010402","Census Tract 104.02, Multnomah County, Oregon","2238","66","66","224","1964"
"1400000US41051009604","Census Tract 96.04, Multnomah County, Oregon","1910","7","7","167","1736"
"1400000US41051009605","Census Tract 96.05, Multnomah County, Oregon","2239","25","25","262","1977"
"1400000US41051009606","Census Tract 96.06, Multnomah County, Oregon","2020","48","48","168","1842"
"1400000US41051010408","Census Tract 104.08, Multnomah County, Oregon","2025","44","44","146","1879"
"1400000US41051010305","Census Tract 103.05, Multnomah County, Oregon","1518","23","23","191","1314"
"1400000US41051009702","Census Tract 97.02, Multnomah County, Oregon","2640","46","46","279","2361"
"1400000US41051009803","Census Tract 98.03, Multnomah County, Oregon","2651","20","20","181","2470"
"1400000US41051010304","Census Tract 103.04, Multnomah County, Oregon","1266","29","29","148","1106"
"1400000US41051007400","Census Tract 74, Multnomah County, Oregon","1396","4","4","121","1275"
"1400000US41051000701","Census Tract 7.01, Multnomah County, Oregon","2003","38","38","316","1666"
"1400000US41051001602","Census Tract 16.02, Multnomah County, Oregon","1779","66","66","330","1425"
"1400000US41051002802","Census Tract 28.02, Multnomah County, Oregon","1357","24","24","188","1169"
"1400000US41051003602","Census Tract 36.02, Multnomah County, Oregon","2472","20","20","270","2202"
"1400000US41051005100","Census Tract 51, Multnomah County, Oregon","5570","86","86","495","5043"
"1400000US41051006002","Census Tract 60.02, Multnomah County, Oregon","961","37","37","148","803"
"1400000US41051008600","Census Tract 86, Multnomah County, Oregon","1562","71","71","160","1385"
"1400000US41051007100","Census Tract 71, Multnomah County, Oregon","1095","67","67","202","882"
"1400000US41051008001","Census Tract 80.01, Multnomah County, Oregon","1352","22","22","156","1196"
"1400000US41051008500","Census Tract 85, Multnomah County, Oregon","1576","23","23","59","1504"
"1400000US41051000702","Census Tract 7.02, Multnomah County, Oregon","2009","34","34","252","1749"
"1400000US41051001801","Census Tract 18.01, Multnomah County, Oregon","2142","43","43","262","1862"
"1400000US41051001802","Census Tract 18.02, Multnomah County, Oregon","1664","7","7","249","1415"
"1400000US41051002100","Census Tract 21, Multnomah County, Oregon","1481","39","39","151","1309"
"1400000US41051002402","Census Tract 24.02, Multnomah County, Oregon","2002","50","50","372","1616"
"1400000US41051002903","Census Tract 29.03, Multnomah County, Oregon","2069","76","76","263","1763"
"1400000US41051003301","Census Tract 33.01, Multnomah County, Oregon","1332","19","19","108","1212"
"1400000US41051003702","Census Tract 37.02, Multnomah County, Oregon","1042","18","18","92","942"
"1400000US41051003801","Census Tract 38.01, Multnomah County, Oregon","1371","22","22","124","1225"
"1400000US41051004200","Census Tract 42, Multnomah County, Oregon","1910","7","7","245","1665"
"1400000US41051004700","Census Tract 47, Multnomah County, Oregon","2587","16","16","272","2315"
"1400000US41051006502","Census Tract 65.02, Multnomah County, Oregon","2063","33","33","219","1811"
"1400000US41051006802","Census Tract 68.02, Multnomah County, Oregon","1454","34","34","185","1252"
"1400000US41051007500","Census Tract 75, Multnomah County, Oregon","1782","53","53","226","1556"
"1400000US41051007800","Census Tract 78, Multnomah County, Oregon","785","6","6","101","682"
"1400000US41051008800","Census Tract 88, Multnomah County, Oregon","1620","42","42","199","1409"
