STATEFP10,COUNTYFP10,TRACTCE10,GEOID10,NAME10,NAMELSAD10,MTFCC10,FUNCSTAT10,ALAND10,AWATER10,INTPTLAT10,INTPTLON10
41,049,970100,41049970100,9701,Census Tract 9701,G5020,S,796555478,42552778,+45.7717187,-119.7381327
41,049,970200,41049970200,9702,Census Tract 9702,G5020,S,4465288303,1225618,+45.3529390,-119.5528917
41,007,950100,41007950100,9501,Census Tract 9501,G5020,S,2661903,3889758,+46.1795717,-123.8557438
41,007,950200,41007950200,9502,Census Tract 9502,G5020,S,3130528,1042698,+46.1830548,-123.8324578
41,007,950300,41007950300,9503,Census Tract 9503,G5020,S,11734596,4403992,+46.1913876,-123.7861737
41,007,950400,41007950400,9504,Census Tract 9504,G5020,S,308793877,86388536,+46.1300279,-123.6746386
41,007,950500,41007950500,9505,Census Tract 9505,G5020,S,42253673,31112303,+46.1993793,-123.9561900
41,007,950600,41007950600,9506,Census Tract 9506,G5020,S,185478223,5564208,+46.0631037,-123.8231889
41,007,950700,41007950700,9507,Census Tract 9507,G5020,S,21652317,1576877,+46.0424321,-123.9001803
41,007,951300,41007951300,9513,Census Tract 9513,G5020,S,37184358,5280809,+46.0990511,-123.9199867
41,007,951200,41007951200,9512,Census Tract 9512,G5020,S,1066519156,39208299,+45.9851300,-123.5121325
41,007,950900,41007950900,9509,Census Tract 9509,G5020,S,4669971,1904336,+45.9967172,-123.9255758
41,007,990000,41007990000,9900,Census Tract 9900,G5020,S,0,470172238,+46.0763475,-123.9865578
41,007,951100,41007951100,9511,Census Tract 9511,G5020,S,463149301,10768467,+45.8862020,-123.8372660
41,003,010200,41003010200,102,Census Tract 102,G5020,S,486724800,309173,+44.6254144,-123.4048254
41,003,000600,41003000600,6,Census Tract 6,G5020,S,27102036,717218,+44.6103720,-123.1979735
41,003,010100,41003010100,101,Census Tract 101,G5020,S,51140564,1355272,+44.6685895,-123.1358511
41,003,000500,41003000500,5,Census Tract 5,G5020,S,18916975,0,+44.6323014,-123.2601892
41,003,000100,41003000100,1,Census Tract 1,G5020,S,9002240,268774,+44.5359630,-123.2632065
41,003,010400,41003010400,104,Census Tract 104,G5020,S,427598010,2631348,+44.3834105,-123.3334335
41,003,010300,41003010300,103,Census Tract 103,G5020,S,628387944,864204,+44.3937320,-123.5302807
41,003,000900,41003000900,9,Census Tract 9,G5020,S,9752064,0,+44.5849205,-123.3117656
41,003,000400,41003000400,4,Census Tract 4,G5020,S,9092349,0,+44.5996416,-123.2820909
41,003,001001,41003001001,10.01,Census Tract 10.01,G5020,S,1750595,0,+44.5893132,-123.2584733
41,003,001002,41003001002,10.02,Census Tract 10.02,G5020,S,1656250,0,+44.5829828,-123.2720640
41,003,001101,41003001101,11.01,Census Tract 11.01,G5020,S,669125,0,+44.5738237,-123.2789951
41,003,001102,41003001102,11.02,Census Tract 11.02,G5020,S,1490197,0,+44.5726708,-123.2676823
41,003,000202,41003000202,2.02,Census Tract 2.02,G5020,S,13662156,0,+44.5379586,-123.3077291
41,003,010702,41003010702,107.02,Census Tract 107.02,G5020,S,3525006,0,+44.5647285,-123.2930023
41,003,010800,41003010800,108,Census Tract 108,G5020,S,8446530,106587,+44.5405029,-123.3596186
41,003,010600,41003010600,106,Census Tract 106,G5020,S,2240837,115816,+44.5631226,-123.2669575
41,003,010900,41003010900,109,Census Tract 109,G5020,S,49522560,549566,+44.5832911,-123.3605789
41,027,950100,41027950100,9501,Census Tract 9501,G5020,S,1080174938,18086902,+45.4966594,-121.6818391
41,027,950200,41027950200,9502,Census Tract 9502,G5020,S,67190845,3947182,+45.6673157,-121.6097633
41,027,950300,41027950300,9503,Census Tract 9503,G5020,S,5656027,4800086,+45.7119831,-121.5249697
41,027,950400,41027950400,9504,Census Tract 9504,G5020,S,198819622,2272666,+45.6149428,-121.5211869
41,059,951400,41059951400,9514,Census Tract 9514,G5020,S,3437047823,187592,+45.3660385,-118.7063213
41,059,950500,41059950500,9505,Census Tract 9505,G5020,S,1073263002,0,+45.6177864,-119.1130209
41,059,950200,41059950200,9502,Census Tract 9502,G5020,S,38656385,0,+45.9229927,-118.4062129
41,059,950700,41059950700,9507,Census Tract 9507,G5020,S,4967299,0,+45.6723460,-118.7608173
41,059,950900,41059950900,9509,Census Tract 9509,G5020,S,63718175,5631990,+45.8862034,-119.3879894
41,059,951100,41059951100,9511,Census Tract 9511,G5020,S,54368526,99014,+45.7983412,-119.3644400
41,059,950800,41059950800,9508,Census Tract 9508,G5020,S,82739386,11386245,+45.8969238,-119.2343375
41,059,950100,41059950100,9501,Census Tract 9501,G5020,S,940942589,167931,+45.8588100,-118.2000793
41,059,951000,41059951000,9510,Census Tract 9510,G5020,S,57895300,0,+45.8391620,-119.3767555
41,059,950400,41059950400,9504,Census Tract 9504,G5020,S,1121186395,13111757,+45.8465692,-118.8347809
41,071,030400,41071030400,304,Census Tract 304,G5020,S,521604743,867281,+45.3601119,-123.2813130
41,071,030900,41071030900,309,Census Tract 309,G5020,S,136702361,3246633,+45.1664441,-123.0647432
41,071,031000,41071031000,310,Census Tract 310,G5020,S,133964427,94538,+45.1263436,-123.1708423
41,071,030702,41071030702,307.02,Census Tract 307.02,G5020,S,4038029,0,+45.2007756,-123.2176953
41,071,030801,41071030801,308.01,Census Tract 308.01,G5020,S,3120393,0,+45.2204487,-123.1887422
41,071,030802,41071030802,308.02,Census Tract 308.02,G5020,S,3174380,0,+45.1993167,-123.1953953
41,071,030501,41071030501,305.01,Census Tract 305.01,G5020,S,316634351,160368,+45.1878958,-123.3841287
41,071,030202,41071030202,302.02,Census Tract 302.02,G5020,S,5280931,175840,+45.2929716,-122.9636086
41,071,030502,41071030502,305.02,Census Tract 305.02,G5020,S,391610582,158007,+45.1374947,-123.6228863
41,071,030701,41071030701,307.01,Census Tract 307.01,G5020,S,5868065,0,+45.2202367,-123.2137503
41,071,030201,41071030201,302.01,Census Tract 302.01,G5020,S,3452501,0,+45.3072237,-122.9634448
41,071,030302,41071030302,303.02,Census Tract 303.02,G5020,S,73907477,26401,+45.3430942,-123.0422741
41,071,030102,41071030102,301.02,Census Tract 301.02,G5020,S,11600273,9807,+45.3189290,-122.9777158
41,071,030602,41071030602,306.02,Census Tract 306.02,G5020,S,77547351,45846,+45.2287310,-123.2397027
41,071,030601,41071030601,306.01,Census Tract 306.01,G5020,S,45490506,67615,+45.1927379,-123.1709104
41,071,030101,41071030101,301.01,Census Tract 301.01,G5020,S,51592934,999924,+45.2991058,-122.9141815
41,071,030301,41071030301,303.01,Census Tract 303.01,G5020,S,68479622,577547,+45.2868164,-123.0553698
41,059,940000,41059940000,9400,Census Tract 9400,G5020,S,645539075,0,+45.6463778,-118.5461159
41,059,951200,41059951200,9512,Census Tract 9512,G5020,S,21026709,0,+45.8352316,-119.2695173
41,059,951300,41059951300,9513,Census Tract 9513,G5020,S,226635914,6023399,+45.7945186,-119.1849942
41,059,950300,41059950300,9503,Census Tract 9503,G5020,S,506277505,47032,+45.8971282,-118.5623225
41,059,950600,41059950600,9506,Census Tract 9506,G5020,S,53866388,4518810,+45.5982472,-118.7740867
41,057,960200,41057960200,9602,Census Tract 9602,G5020,S,56732280,8270047,+45.5998568,-123.9171119
41,057,960300,41057960300,9603,Census Tract 9603,G5020,S,385818784,7839277,+45.6029543,-123.6922481
41,057,960700,41057960700,9607,Census Tract 9607,G5020,S,657651481,17629930,+45.3049758,-123.7147467
41,057,960100,41057960100,9601,Census Tract 9601,G5020,S,550022296,15956983,+45.7239552,-123.7036732
41,057,960400,41057960400,9604,Census Tract 9604,G5020,S,730559740,25898,+45.4904049,-123.5779366
41,057,960500,41057960500,9605,Census Tract 9605,G5020,S,33169875,29142293,+45.4930828,-123.9211157
41,057,960600,41057960600,9606,Census Tract 9606,G5020,S,89423780,19470256,+45.4141298,-123.9195238
41,057,990100,41057990100,9901,Census Tract 9901,G5020,S,0,486155447,+45.4193761,-124.0121155
41,057,960800,41057960800,9608,Census Tract 9608,G5020,S,352290719,11682367,+45.1311965,-123.8729035
41,039,000404,41039000404,4.04,Census Tract 4.04,G5020,S,78136752,1125950,+44.2009216,-123.1814139
41,029,002800,41029002800,28,Census Tract 28,G5020,S,264163343,2245408,+42.5082463,-122.9773832
41,029,002900,41029002900,29,Census Tract 29,G5020,S,620209994,584635,+42.5853847,-123.1092614
41,029,001700,41029001700,17,Census Tract 17,G5020,S,17621790,39720,+42.2390192,-122.7865747
41,029,000602,41029000602,6.02,Census Tract 6.02,G5020,S,11516546,12206,+42.2987521,-122.8214645
41,029,000700,41029000700,7,Census Tract 7,G5020,S,14222150,16509,+42.2981088,-122.8833887
41,029,000800,41029000800,8,Census Tract 8,G5020,S,16078643,0,+42.3228485,-122.9201690
41,029,001200,41029001200,12,Census Tract 12,G5020,S,18796691,21085,+42.3737964,-122.8530405
41,029,001302,41029001302,13.02,Census Tract 13.02,G5020,S,95610135,1049160,+42.3730446,-122.7793008
41,029,001500,41029001500,15,Census Tract 15,G5020,S,85502407,11345,+42.3147850,-123.0054741
41,029,001301,41029001301,13.01,Census Tract 13.01,G5020,S,36314453,639300,+42.4209174,-122.8497893
41,029,000300,41029000300,3,Census Tract 3,G5020,S,4105233,40123,+42.3515992,-122.8890438
41,029,001100,41029001100,11,Census Tract 11,G5020,S,53308179,1763271,+42.4193191,-122.9519867
41,029,000601,41029000601,6.01,Census Tract 6.01,G5020,S,9431975,0,+42.3243863,-122.8152678
41,029,002500,41029002500,25,Census Tract 25,G5020,S,1476198402,11786168,+42.2119584,-122.5228456
41,029,002100,41029002100,21,Census Tract 21,G5020,S,12182796,1064,+42.1839870,-122.7407313
41,029,002200,41029002200,22,Census Tract 22,G5020,S,10856523,874,+42.1664082,-122.6911328
41,029,000900,41029000900,9,Census Tract 9,G5020,S,29742949,79734,+42.3707962,-122.9413626
41,029,002400,41029002400,24,Census Tract 24,G5020,S,46906682,2608498,+42.2208408,-122.7099598
41,029,002700,41029002700,27,Census Tract 27,G5020,S,658404184,1905018,+42.6891399,-122.7870956
41,029,003001,41029003001,30.01,Census Tract 30.01,G5020,S,245632757,461092,+42.3380481,-123.0844979
41,029,001800,41029001800,18,Census Tract 18,G5020,S,11327103,1162,+42.1986480,-122.6936618
41,029,000203,41029000203,2.03,Census Tract 2.03,G5020,S,1419295,0,+42.3156570,-122.8819249
41,029,002600,41029002600,26,Census Tract 26,G5020,S,2002002682,17902948,+42.6708667,-122.4764270
41,029,001400,41029001400,14,Census Tract 14,G5020,S,79820731,768489,+42.4769730,-122.8017596
41,039,004800,41039004800,48,Census Tract 48,G5020,S,1762872,0,+44.0329075,-123.0814692
41,039,001202,41039001202,12.02,Census Tract 12.02,G5020,S,48462558,0,+43.7923861,-123.1244054
41,039,001500,41039001500,15,Census Tract 15,G5020,S,2212703135,42113633,+43.7006365,-122.2891926
41,039,001801,41039001801,18.01,Census Tract 18.01,G5020,S,23143070,0,+44.0310775,-122.8916629
41,039,000200,41039000200,2,Census Tract 2,G5020,S,515581732,1477415,+44.1771029,-122.7857863
41,039,003202,41039003202,32.02,Census Tract 32.02,G5020,S,2366259,0,+44.0514377,-123.0365335
41,039,001400,41039001400,14,Census Tract 14,G5020,S,1339315301,6571497,+43.6214657,-122.7934176
41,039,000300,41039000300,3,Census Tract 3,G5020,S,98473052,1708194,+44.1633412,-123.0606095
41,039,003600,41039003600,36,Census Tract 36,G5020,S,17153611,0,+44.0184706,-123.0423731
41,039,000403,41039000403,4.03,Census Tract 4.03,G5020,S,37471017,63600,+44.2440816,-123.2431955
41,039,003400,41039003400,34,Census Tract 34,G5020,S,3320664,0,+44.0511610,-122.9943720
41,039,001600,41039001600,16,Census Tract 16,G5020,S,970837981,27718595,+43.9259508,-122.6381927
41,039,000100,41039000100,1,Census Tract 1,G5020,S,2174165301,16015179,+44.0734403,-122.1591677
41,039,002102,41039002102,21.02,Census Tract 21.02,G5020,S,3628134,0,+44.0730162,-123.0387832
41,053,020204,41053020204,202.04,Census Tract 202.04,G5020,S,60961902,0,+44.8870362,-123.3367299
41,053,020203,41053020203,202.03,Census Tract 202.03,G5020,S,2253985,0,+44.9185060,-123.3088865
41,053,020400,41053020400,204,Census Tract 204,G5020,S,1090986307,2060166,+44.8909959,-123.5621229
41,053,020302,41053020302,203.02,Census Tract 203.02,G5020,S,230815447,2174804,+44.7954486,-123.2452024
41,053,005202,41053005202,52.02,Census Tract 52.02,G5020,S,8070820,232378,+44.9607567,-123.0563439
41,053,005201,41053005201,52.01,Census Tract 52.01,G5020,S,6785934,676475,+44.9394176,-123.0802018
41,029,002000,41029002000,20,Census Tract 20,G5020,S,1117945,582,+42.1952434,-122.7089401
41,029,003002,41029003002,30.02,Census Tract 30.02,G5020,S,730140307,4852586,+42.1809334,-123.1043315
41,029,000100,41029000100,1,Census Tract 1,G5020,S,2594338,0,+42.3276147,-122.8718400
41,029,002300,41029002300,23,Census Tract 23,G5020,S,593542442,89723,+42.1155678,-122.8148677
41,029,000202,41029000202,2.02,Census Tract 2.02,G5020,S,1033558,0,+42.3231895,-122.8863034
41,029,001900,41029001900,19,Census Tract 19,G5020,S,1568274,0,+42.1875295,-122.6949802
41,029,000201,41029000201,2.01,Census Tract 2.01,G5020,S,1324521,0,+42.3272324,-122.8813423
41,029,000406,41029000406,4.06,Census Tract 4.06,G5020,S,2833017,0,+42.3525898,-122.8618917
41,039,000902,41039000902,9.02,Census Tract 9.02,G5020,S,304120365,6096014,+44.0983335,-123.5055609
41,039,001002,41039001002,10.02,Census Tract 10.02,G5020,S,121510483,41251,+43.9960571,-123.2180021
41,039,003500,41039003500,35,Census Tract 35,G5020,S,14791332,212824,+44.0301729,-122.9739177
41,039,004401,41039004401,44.01,Census Tract 44.01,G5020,S,3104689,0,+44.0415021,-123.1499110
41,039,001001,41039001001,10.01,Census Tract 10.01,G5020,S,62836107,16142431,+44.1141307,-123.2409389
41,039,004300,41039004300,43,Census Tract 43,G5020,S,9131945,0,+44.0604924,-123.1530141
41,039,004200,41039004200,42,Census Tract 42,G5020,S,3889250,0,+44.0629606,-123.1258146
41,039,001201,41039001201,12.01,Census Tract 12.01,G5020,S,101125580,622338,+43.8591406,-123.0905683
41,039,003102,41039003102,31.02,Census Tract 31.02,G5020,S,5448963,0,+44.0586206,-123.0637938
41,039,005300,41039005300,53,Census Tract 53,G5020,S,1727372,0,+44.0236229,-123.1117767
41,039,002800,41039002800,28,Census Tract 28,G5020,S,2983031,0,+44.0898912,-123.1259335
41,053,005100,41053005100,51,Census Tract 51,G5020,S,970890,18615,+44.9448011,-123.0570104
41,053,020202,41053020202,202.02,Census Tract 202.02,G5020,S,38463903,47719,+44.9228566,-123.2660672
41,053,005300,41053005300,53,Census Tract 53,G5020,S,176201891,1852947,+44.9974799,-123.1417668
41,053,020304,41053020304,203.04,Census Tract 203.04,G5020,S,5632081,0,+44.8490141,-123.2263058
41,053,020303,41053020303,203.03,Census Tract 203.03,G5020,S,44945461,341977,+44.8755044,-123.2143122
41,053,020500,41053020500,205,Census Tract 205,G5020,S,252540437,694238,+45.0027841,-123.3092456
41,029,000502,41029000502,5.02,Census Tract 5.02,G5020,S,2479979,0,+42.3364359,-122.8585269
41,029,001002,41029001002,10.02,Census Tract 10.02,G5020,S,3512489,0,+42.3879767,-122.9247743
41,029,000404,41029000404,4.04,Census Tract 4.04,G5020,S,2895096,0,+42.3529453,-122.8346907
41,029,001602,41029001602,16.02,Census Tract 16.02,G5020,S,30481666,0,+42.2694355,-122.8598252
41,029,001601,41029001601,16.01,Census Tract 16.01,G5020,S,4269838,0,+42.2925808,-122.8331799
41,029,000501,41029000501,5.01,Census Tract 5.01,G5020,S,1944048,0,+42.3245266,-122.8583701
41,029,000403,41029000403,4.03,Census Tract 4.03,G5020,S,3159239,0,+42.3379850,-122.8345605
41,029,000405,41029000405,4.05,Census Tract 4.05,G5020,S,1968817,0,+42.3455497,-122.8584856
41,029,001001,41029001001,10.01,Census Tract 10.01,G5020,S,3114952,0,+42.3686680,-122.9018582
41,039,003800,41039003800,38,Census Tract 38,G5020,S,1059042,0,+44.0449020,-123.0851812
41,039,004000,41039004000,40,Census Tract 40,G5020,S,1851040,0,+44.0603110,-123.1010454
41,039,002401,41039002401,24.01,Census Tract 24.01,G5020,S,6063050,0,+44.1233896,-123.1627025
41,039,001904,41039001904,19.04,Census Tract 19.04,G5020,S,2634344,0,+44.0411098,-122.9436631
41,039,002600,41039002600,26,Census Tract 26,G5020,S,4236747,0,+44.0842744,-123.1620817
41,039,001804,41039001804,18.04,Census Tract 18.04,G5020,S,6618752,734400,+44.0535505,-122.8805911
41,039,001101,41039001101,11.01,Census Tract 11.01,G5020,S,99795506,71215,+43.9563648,-123.0609741
41,039,001102,41039001102,11.02,Census Tract 11.02,G5020,S,87128936,144652,+43.8919649,-123.0217291
41,039,002903,41039002903,29.03,Census Tract 29.03,G5020,S,1488013,0,+44.0837949,-123.0952718
41,039,002301,41039002301,23.01,Census Tract 23.01,G5020,S,4295034,54674,+44.1059908,-123.1114763
41,039,004501,41039004501,45.01,Census Tract 45.01,G5020,S,1183052,0,+44.0428986,-123.1052348
41,039,003301,41039003301,33.01,Census Tract 33.01,G5020,S,1513427,0,+44.0581642,-123.0110624
41,039,000706,41039000706,7.06,Census Tract 7.06,G5020,S,25170722,4643768,+44.0450377,-124.1152420
41,039,002403,41039002403,24.03,Census Tract 24.03,G5020,S,4865685,0,+44.1080645,-123.1614455
41,039,002700,41039002700,27,Census Tract 27,G5020,S,2316421,0,+44.0903082,-123.1441946
41,039,005400,41039005400,54,Census Tract 54,G5020,S,8470632,0,+44.0045209,-123.1054585
41,039,002501,41039002501,25.01,Census Tract 25.01,G5020,S,9287909,0,+44.0984865,-123.1900480
41,039,001903,41039001903,19.03,Census Tract 19.03,G5020,S,3392221,0,+44.0519965,-122.9498591
41,039,003900,41039003900,39,Census Tract 39,G5020,S,1293153,0,+44.0506655,-123.0949025
41,039,001700,41039001700,17,Census Tract 17,G5020,S,154411903,1155284,+43.9545597,-122.9359701
41,039,000903,41039000903,9.03,Census Tract 9.03,G5020,S,37651586,14599459,+44.0440198,-123.3018872
41,039,000702,41039000702,7.02,Census Tract 7.02,G5020,S,213885881,27611574,+43.9215514,-124.0582674
41,039,001301,41039001301,13.01,Census Tract 13.01,G5020,S,134044421,4801593,+43.7853399,-122.9620089
41,039,000402,41039000402,4.02,Census Tract 4.02,G5020,S,290769866,14170,+44.2006153,-123.3572890
41,039,004403,41039004403,44.03,Census Tract 44.03,G5020,S,2233772,0,+44.0437157,-123.1250796
41,039,002001,41039002001,20.01,Census Tract 20.01,G5020,S,5211137,126571,+44.0718376,-122.9807742
41,039,004100,41039004100,41,Census Tract 41,G5020,S,2827872,0,+44.0746424,-123.1249990
41,039,002202,41039002202,22.02,Census Tract 22.02,G5020,S,9239006,89277,+44.1024390,-123.0639744
41,039,000904,41039000904,9.04,Census Tract 9.04,G5020,S,52598998,0,+44.0063531,-123.3536306
41,039,003101,41039003101,31.01,Census Tract 31.01,G5020,S,2946001,0,+44.0774999,-123.0587134
41,039,002101,41039002101,21.01,Census Tract 21.01,G5020,S,5209197,247068,+44.0869786,-123.0302245
41,039,001302,41039001302,13.02,Census Tract 13.02,G5020,S,51267206,178192,+43.7552193,-123.0319888
41,039,000800,41039000800,8,Census Tract 8,G5020,S,784502044,70157,+43.9078956,-123.4319743
41,039,000500,41039000500,5,Census Tract 5,G5020,S,905629345,2692613,+44.1237391,-123.7189477
41,039,005100,41039005100,51,Census Tract 51,G5020,S,1559491,0,+44.0179896,-123.0859754
41,039,005200,41039005200,52,Census Tract 52,G5020,S,1494265,0,+44.0195352,-123.0987816
41,039,004700,41039004700,47,Census Tract 47,G5020,S,1626837,0,+44.0327163,-123.0945305
41,039,004900,41039004900,49,Census Tract 49,G5020,S,2816594,0,+44.0328067,-123.0651294
41,039,004600,41039004600,46,Census Tract 46,G5020,S,1557275,0,+44.0346769,-123.1084686
41,039,002002,41039002002,20.02,Census Tract 20.02,G5020,S,2989291,0,+44.0695113,-123.0071442
41,039,005000,41039005000,50,Census Tract 50,G5020,S,4763084,0,+44.0054689,-123.0740948
41,039,002404,41039002404,24.04,Census Tract 24.04,G5020,S,2115519,0,+44.1054553,-123.1390341
41,039,002902,41039002902,29.02,Census Tract 29.02,G5020,S,1903999,0,+44.0827662,-123.0782283
41,039,002201,41039002201,22.01,Census Tract 22.01,G5020,S,6423658,936292,+44.1086647,-123.0932894
41,039,003201,41039003201,32.01,Census Tract 32.01,G5020,S,1384565,0,+44.0595799,-123.0390115
41,039,003000,41039003000,30,Census Tract 30,G5020,S,4440355,0,+44.0702536,-123.0871525
41,039,001902,41039001902,19.02,Census Tract 19.02,G5020,S,3872530,0,+44.0498877,-122.9747374
41,039,001803,41039001803,18.03,Census Tract 18.03,G5020,S,7201872,500282,+44.0593746,-122.9303539
41,039,003700,41039003700,37,Census Tract 37,G5020,S,2248088,0,+44.0458384,-123.0705388
41,039,002302,41039002302,23.02,Census Tract 23.02,G5020,S,4596058,170544,+44.1231867,-123.1222792
41,039,000708,41039000708,7.08,Census Tract 7.08,G5020,S,622646466,19572652,+44.1544204,-124.0018707
41,039,000707,41039000707,7.07,Census Tract 7.07,G5020,S,5981879,1039031,+43.9846465,-124.0927230
41,039,990000,41039990000,9900,Census Tract 9900,G5020,S,0,237015043,+44.0689367,-124.1714677
41,025,960200,41025960200,9602,Census Tract 9602,G5020,S,23042981784,238369777,+42.9497423,-118.9026357
41,039,002504,41039002504,25.04,Census Tract 25.04,G5020,S,6647019,0,+44.0594465,-123.1904634
41,039,004405,41039004405,44.05,Census Tract 44.05,G5020,S,6513380,0,+44.0229082,-123.1414356
41,039,003302,41039003302,33.02,Census Tract 33.02,G5020,S,1686760,0,+44.0496359,-123.0147594
41,039,002904,41039002904,29.04,Census Tract 29.04,G5020,S,3351151,58974,+44.0839800,-123.1098358
41,039,004502,41039004502,45.02,Census Tract 45.02,G5020,S,958419,0,+44.0488472,-123.1099938
41,039,000705,41039000705,7.05,Census Tract 7.05,G5020,S,4921655,614819,+43.9893504,-124.1151001
41,039,002503,41039002503,25.03,Census Tract 25.03,G5020,S,4569235,0,+44.0774494,-123.1907336
41,039,004404,41039004404,44.04,Census Tract 44.04,G5020,S,1972412,0,+44.0328163,-123.1307856
41,063,960200,41063960200,9602,Census Tract 9602,G5020,S,2873713224,1077909,+45.6979800,-117.5442183
41,063,960300,41063960300,9603,Census Tract 9603,G5020,S,731676816,2866537,+45.4253816,-117.3250490
41,063,960100,41063960100,9601,Census Tract 9601,G5020,S,4543200520,10254877,+45.5279072,-116.9128719
41,013,950400,41013950400,9504,Census Tract 9504,G5020,S,5532169655,16098892,+44.0510344,-120.2406275
41,013,950100,41013950100,9501,Census Tract 9501,G5020,S,1334853637,4329369,+44.3795403,-120.4906438
41,013,950200,41013950200,9502,Census Tract 9502,G5020,S,432262599,152054,+44.4326624,-120.8607586
41,013,950300,41013950300,9503,Census Tract 9503,G5020,S,416511999,612416,+44.2548179,-121.0027652
41,025,960100,41025960100,9601,Census Tract 9601,G5020,S,3201807952,3123079,+43.7275537,-119.3883625
41,041,950800,41041950800,9508,Census Tract 9508,G5020,S,79886792,38005,+44.7162162,-124.0270301
41,041,950900,41041950900,9509,Census Tract 9509,G5020,S,13615018,46875,+44.6492958,-124.0273586
41,041,951000,41041951000,9510,Census Tract 9510,G5020,S,1574779,335836,+44.6313607,-124.0624493
41,041,951100,41041951100,9511,Census Tract 9511,G5020,S,3505118,3472826,+44.6265373,-124.0268044
41,041,951200,41041951200,9512,Census Tract 9512,G5020,S,52712775,5690195,+44.5631762,-124.0375387
41,041,950100,41041950100,9501,Census Tract 9501,G5020,S,331905201,7402,+44.9685262,-123.8408800
41,041,950400,41041950400,9504,Census Tract 9504,G5020,S,9714400,327728,+44.9506730,-124.0068175
41,041,951800,41041951800,9518,Census Tract 9518,G5020,S,947942878,494184,+44.6422289,-123.7629514
41,041,951300,41041951300,9513,Census Tract 9513,G5020,S,103162834,5385422,+44.6025714,-123.9575799
41,041,951400,41041951400,9514,Census Tract 9514,G5020,S,109106613,627522,+44.5849986,-123.8839231
41,041,951500,41041951500,9515,Census Tract 9515,G5020,S,231869175,4024406,+44.4766093,-123.9322883
41,041,951600,41041951600,9516,Census Tract 9516,G5020,S,65737590,2029413,+44.3989388,-124.0164023
41,041,951700,41041951700,9517,Census Tract 9517,G5020,S,345623780,205888,+44.3568484,-123.9088744
41,041,950602,41041950602,9506.02,Census Tract 9506.02,G5020,S,60984266,1423038,+44.8242643,-123.9876850
41,041,990100,41041990100,9901,Census Tract 9901,G5020,S,0,520016096,+44.6631443,-124.1024984
41,041,950304,41041950304,9503.04,Census Tract 9503.04,G5020,S,5124938,2328446,+44.9847244,-123.9960876
41,041,950303,41041950303,9503.03,Census Tract 9503.03,G5020,S,16844237,699218,+45.0283197,-123.9958905
41,041,950601,41041950601,9506.01,Census Tract 9506.01,G5020,S,158270197,7151710,+44.8562680,-123.9335828
41,015,950100,41015950100,9501,Census Tract 9501,G5020,S,1689284247,98913508,+42.7148490,-124.1810565
41,015,950302,41015950302,9503.02,Census Tract 9503.02,G5020,S,8858816,4092259,+42.0617567,-124.2939759
41,015,950301,41015950301,9503.01,Census Tract 9503.01,G5020,S,1470479099,24387116,+42.2661637,-124.1650816
41,015,950200,41015950200,9502,Census Tract 9502,G5020,S,425989820,85223905,+42.5009407,-124.3721726
41,015,950400,41015950400,9504,Census Tract 9504,G5020,S,620488631,4963602,+42.1168762,-123.9372602
41,015,990101,41015990101,9901.01,Census Tract 9901.01,G5020,S,0,717106154,+42.4865609,-124.4879120
41,051,001202,41051001202,12.02,Census Tract 12.02,G5020,S,934019,0,+45.5084564,-122.6421276
41,051,001301,41051001301,13.01,Census Tract 13.01,G5020,S,744911,0,+45.5156755,-122.6288618
41,051,001302,41051001302,13.02,Census Tract 13.02,G5020,S,757997,0,+45.5084190,-122.6287314
41,051,001400,41051001400,14,Census Tract 14,G5020,S,1215533,0,+45.5114473,-122.6176545
41,051,001500,41051001500,15,Census Tract 15,G5020,S,980902,0,+45.5111305,-122.6068211
41,051,001601,41051001601,16.01,Census Tract 16.01,G5020,S,2849599,94984,+45.5136233,-122.5905853
41,051,001602,41051001602,16.02,Census Tract 16.02,G5020,S,1666516,0,+45.5119123,-122.5721518
41,051,001701,41051001701,17.01,Census Tract 17.01,G5020,S,2024977,0,+45.5275858,-122.5866706
41,051,001702,41051001702,17.02,Census Tract 17.02,G5020,S,1355125,0,+45.5256566,-122.5732495
41,021,960100,41021960100,9601,Census Tract 9601,G5020,S,3120439560,46700614,+45.3816660,-120.2118514
41,061,970600,41061970600,9706,Census Tract 9706,G5020,S,1760471607,527676,+45.2015636,-118.3443880
41,061,970100,41061970100,9701,Census Tract 9701,G5020,S,1083434428,391729,+45.6523374,-117.9182907
41,061,970300,41061970300,9703,Census Tract 9703,G5020,S,493846706,519077,+45.3697407,-117.8480490
41,061,970200,41061970200,9702,Census Tract 9702,G5020,S,1586901813,3438606,+45.1629451,-117.7308311
41,061,970400,41061970400,9704,Census Tract 9704,G5020,S,108795495,53160,+45.4166013,-118.0531808
41,051,001801,41051001801,18.01,Census Tract 18.01,G5020,S,1168826,0,+45.5262864,-122.6048501
41,051,001802,41051001802,18.02,Census Tract 18.02,G5020,S,1082936,0,+45.5199879,-122.6075028
41,051,001900,41051001900,19,Census Tract 19,G5020,S,1781837,10493,+45.5271011,-122.6239319
41,051,002000,41051002000,20,Census Tract 20,G5020,S,1454990,0,+45.5252351,-122.6379045
41,051,002100,41051002100,21,Census Tract 21,G5020,S,1609700,130869,+45.5239847,-122.6561348
41,051,002401,41051002401,24.01,Census Tract 24.01,G5020,S,842797,0,+45.5437065,-122.6525587
41,051,002402,41051002402,24.02,Census Tract 24.02,G5020,S,878222,0,+45.5342042,-122.6519588
41,051,002501,41051002501,25.01,Census Tract 25.01,G5020,S,1338432,0,+45.5435963,-122.6389909
41,051,002502,41051002502,25.02,Census Tract 25.02,G5020,S,1099441,0,+45.5349743,-122.6391603
41,061,970700,41061970700,9707,Census Tract 9707,G5020,S,1963888,0,+45.3185761,-118.0879656
41,061,970500,41061970500,9705,Census Tract 9705,G5020,S,154809855,0,+45.3999226,-118.1578565
41,061,970800,41061970800,9708,Census Tract 9708,G5020,S,84560216,65633,+45.3040466,-117.9991356
41,051,002600,41051002600,26,Census Tract 26,G5020,S,1018224,0,+45.5415407,-122.6264284
41,051,002701,41051002701,27.01,Census Tract 27.01,G5020,S,912810,0,+45.5434753,-122.6164665
41,051,002702,41051002702,27.02,Census Tract 27.02,G5020,S,857105,0,+45.5347602,-122.6159520
41,051,002801,41051002801,28.01,Census Tract 28.01,G5020,S,917084,0,+45.5435617,-122.6050436
41,051,002802,41051002802,28.02,Census Tract 28.02,G5020,S,982695,0,+45.5338370,-122.6052992
41,051,002901,41051002901,29.01,Census Tract 29.01,G5020,S,1536178,0,+45.5514471,-122.5927389
41,051,002902,41051002902,29.02,Census Tract 29.02,G5020,S,2518183,3774,+45.5406401,-122.5841164
41,051,003000,41051003000,30,Census Tract 30,G5020,S,1632403,0,+45.5547628,-122.6238885
41,051,003100,41051003100,31,Census Tract 31,G5020,S,1285030,0,+45.5554810,-122.6357952
41,051,003200,41051003200,32,Census Tract 32,G5020,S,1145498,0,+45.5553297,-122.6454770
41,051,003301,41051003301,33.01,Census Tract 33.01,G5020,S,741353,0,+45.5591045,-122.6556033
41,051,003302,41051003302,33.02,Census Tract 33.02,G5020,S,702586,0,+45.5518735,-122.6559581
41,051,003401,41051003401,34.01,Census Tract 34.01,G5020,S,954353,0,+45.5586360,-122.6682633
41,051,003402,41051003402,34.02,Census Tract 34.02,G5020,S,773286,0,+45.5513945,-122.6686051
41,051,003501,41051003501,35.01,Census Tract 35.01,G5020,S,1285593,0,+45.5594576,-122.6859726
41,051,003502,41051003502,35.02,Census Tract 35.02,G5020,S,1212150,0,+45.5514481,-122.6828892
41,051,003601,41051003601,36.01,Census Tract 36.01,G5020,S,1633640,0,+45.5710705,-122.6559374
41,051,003602,41051003602,36.02,Census Tract 36.02,G5020,S,2215811,0,+45.5693524,-122.6409206
41,051,003603,41051003603,36.03,Census Tract 36.03,G5020,S,921308,0,+45.5678612,-122.6253670
41,051,003701,41051003701,37.01,Census Tract 37.01,G5020,S,1476165,0,+45.5763280,-122.6682371
41,009,970200,41009970200,9702,Census Tract 9702,G5020,S,504738431,23125897,+46.0664285,-123.1842504
41,009,970400,41009970400,9704,Census Tract 9704,G5020,S,145757224,10797474,+45.9715375,-122.9424953
41,009,970900,41009970900,9709,Census Tract 9709,G5020,S,62126538,24000560,+45.7808164,-122.8085795
41,009,970300,41009970300,9703,Census Tract 9703,G5020,S,84761620,16512342,+46.0817931,-122.9807723
41,009,970500,41009970500,9705,Census Tract 9705,G5020,S,223818746,1943917,+45.8793197,-122.9500006
41,009,970600,41009970600,9706,Census Tract 9706,G5020,S,53771076,1186556,+45.8160240,-122.8827409
41,009,970700,41009970700,9707,Census Tract 9707,G5020,S,4762961,2441405,+45.8577730,-122.8032444
41,009,970800,41009970800,9708,Census Tract 9708,G5020,S,5407539,0,+45.8575991,-122.8319192
41,009,971000,41009971000,9710,Census Tract 9710,G5020,S,68809876,0,+45.7599346,-122.9554322
41,009,971100,41009971100,9711,Census Tract 9711,G5020,S,548592783,211593,+45.8810115,-123.2001406
41,051,003702,41051003702,37.02,Census Tract 37.02,G5020,S,849131,0,+45.5663280,-122.6681621
41,051,003801,41051003801,38.01,Census Tract 38.01,G5020,S,1237419,0,+45.5811756,-122.6839854
41,051,003802,41051003802,38.02,Census Tract 38.02,G5020,S,1108961,0,+45.5735332,-122.6836249
41,051,003803,41051003803,38.03,Census Tract 38.03,G5020,S,1231249,0,+45.5663019,-122.6847298
41,051,003901,41051003901,39.01,Census Tract 39.01,G5020,S,2522380,0,+45.5840528,-122.7041933
41,051,003902,41051003902,39.02,Census Tract 39.02,G5020,S,1131499,0,+45.5726293,-122.6997698
41,051,004001,41051004001,40.01,Census Tract 40.01,G5020,S,1838088,0,+45.5879183,-122.7224299
41,051,004002,41051004002,40.02,Census Tract 40.02,G5020,S,2462579,687160,+45.5766619,-122.7311801
41,011,000502,41011000502,5.02,Census Tract 5.02,G5020,S,152777573,40193610,+43.3062828,-124.3326384
41,011,000100,41011000100,1,Census Tract 1,G5020,S,332618439,32369638,+43.5188643,-124.1487181
41,011,001000,41011001000,10,Census Tract 10,G5020,S,338520252,26600287,+43.0879770,-124.3710031
41,011,000400,41011000400,4,Census Tract 4,G5020,S,7247020,2782941,+43.4102325,-124.2396914
41,011,001100,41011001100,11,Census Tract 11,G5020,S,1936880648,5103125,+42.9950390,-123.9829876
41,011,000600,41011000600,6,Census Tract 6,G5020,S,7148818,196335,+43.3676203,-124.2426122
41,011,000700,41011000700,7,Census Tract 7,G5020,S,37064781,1590545,+43.3306949,-124.2261111
41,011,000300,41011000300,3,Census Tract 3,G5020,S,3139079,259830,+43.3987805,-124.2266950
41,011,000900,41011000900,9,Census Tract 9,G5020,S,304562854,3167463,+43.2020944,-124.1889109
41,051,004101,41051004101,41.01,Census Tract 41.01,G5020,S,7128023,709796,+45.6028334,-122.7569644
41,051,004102,41051004102,41.02,Census Tract 41.02,G5020,S,1920147,245628,+45.5869583,-122.7432487
41,051,004200,41051004200,42,Census Tract 42,G5020,S,1927111,387911,+45.5916177,-122.7618166
41,051,980000,41051980000,9800,Census Tract 9800,G5020,S,4079760,1595583,+45.5605364,-122.7066321
41,051,004500,41051004500,45,Census Tract 45,G5020,S,1536246,166582,+45.5383215,-122.7019788
41,051,004601,41051004601,46.01,Census Tract 46.01,G5020,S,3549326,14939,+45.5198752,-122.7090565
41,045,970300,41045970300,9703,Census Tract 9703,G5020,S,18382385,0,+44.0080460,-117.0067040
41,045,970400,41045970400,9704,Census Tract 9704,G5020,S,10625839,753910,+44.0228580,-116.9537855
41,045,970600,41045970600,9706,Census Tract 9706,G5020,S,369410118,250401,+44.0016090,-117.2759349
41,045,970200,41045970200,9702,Census Tract 9702,G5020,S,75176086,491581,+44.0417327,-117.0450370
41,045,970500,41045970500,9705,Census Tract 9705,G5020,S,168356944,3141937,+43.9327770,-117.0364173
41,045,970700,41045970700,9707,Census Tract 9707,G5020,S,309846169,6204168,+43.7328878,-117.0932553
41,011,000200,41011000200,2,Census Tract 2,G5020,S,966819209,16015553,+43.3620268,-123.9659307
41,011,000800,41011000800,8,Census Tract 8,G5020,S,28144122,1799419,+43.3265541,-124.1804271
41,011,000504,41011000504,5.04,Census Tract 5.04,G5020,S,16453080,2831904,+43.3713890,-124.2758528
41,011,990101,41011990101,9901.01,Census Tract 9901.01,G5020,S,0,408191112,+43.2844334,-124.4048969
41,011,000503,41011000503,5.03,Census Tract 5.03,G5020,S,2692821,3287737,+43.4103552,-124.2702010
41,051,004602,41051004602,46.02,Census Tract 46.02,G5020,S,1416824,0,+45.5100079,-122.7027231
41,051,004700,41051004700,47,Census Tract 47,G5020,S,704906,0,+45.5308681,-122.7031409
41,051,004800,41051004800,48,Census Tract 48,G5020,S,297096,0,+45.5271267,-122.6949962
41,051,004900,41051004900,49,Census Tract 49,G5020,S,545629,0,+45.5300891,-122.6937444
41,051,005000,41051005000,50,Census Tract 50,G5020,S,741860,0,+45.5300503,-122.6874974
41,051,005100,41051005100,51,Census Tract 51,G5020,S,1100383,317227,+45.5288492,-122.6768631
41,051,005200,41051005200,52,Census Tract 52,G5020,S,626952,0,+45.5205255,-122.6908389
41,051,005500,41051005500,55,Census Tract 55,G5020,S,374024,0,+45.5141435,-122.6909100
41,051,005600,41051005600,56,Census Tract 56,G5020,S,492108,0,+45.5121401,-122.6839833
41,045,940000,41045940000,9400,Census Tract 9400,G5020,S,78497423,0,+42.0394420,-117.5579638
41,045,970900,41045970900,9709,Census Tract 9709,G5020,S,24578294032,98373534,+43.1642118,-117.6210009
41,051,005700,41051005700,57,Census Tract 57,G5020,S,1178029,367581,+45.5067351,-122.6744338
41,051,005800,41051005800,58,Census Tract 58,G5020,S,3800796,0,+45.4996194,-122.6964428
41,051,005900,41051005900,59,Census Tract 59,G5020,S,2609949,703289,+45.4854897,-122.6735106
41,051,006001,41051006001,60.01,Census Tract 60.01,G5020,S,1817710,0,+45.4896723,-122.6868735
41,051,006002,41051006002,60.02,Census Tract 60.02,G5020,S,1329087,0,+45.4751394,-122.6869770
41,051,006100,41051006100,61,Census Tract 61,G5020,S,1630351,0,+45.4850632,-122.7006480
41,051,006200,41051006200,62,Census Tract 62,G5020,S,1771884,0,+45.4649186,-122.6885604
41,051,006501,41051006501,65.01,Census Tract 65.01,G5020,S,3633373,0,+45.4571014,-122.7341929
41,051,006502,41051006502,65.02,Census Tract 65.02,G5020,S,1906699,0,+45.4617392,-122.7136466
41,051,006601,41051006601,66.01,Census Tract 66.01,G5020,S,1575238,0,+45.4719196,-122.7334204
41,051,006602,41051006602,66.02,Census Tract 66.02,G5020,S,2535543,0,+45.4710758,-122.7072776
41,051,006701,41051006701,67.01,Census Tract 67.01,G5020,S,1850679,2883,+45.4809184,-122.7314615
41,051,006702,41051006702,67.02,Census Tract 67.02,G5020,S,1386618,0,+45.4797135,-122.7133389
41,051,007202,41051007202,72.02,Census Tract 72.02,G5020,S,26096974,8056849,+45.6178666,-122.7384670
41,051,007300,41051007300,73,Census Tract 73,G5020,S,24858612,6366774,+45.5930475,-122.6024183
41,065,970800,41065970800,9708,Census Tract 9708,G5020,S,5504389447,20467968,+45.1011584,-121.1855501
41,065,970100,41065970100,9701,Census Tract 9701,G5020,S,10561124,1503776,+45.5958278,-121.1447926
41,065,970200,41065970200,9702,Census Tract 9702,G5020,S,1966572,110564,+45.5980287,-121.1807702
41,065,970300,41065970300,9703,Census Tract 9703,G5020,S,3981940,0,+45.5878834,-121.1918497
41,065,970400,41065970400,9704,Census Tract 9704,G5020,S,7051691,747329,+45.6039175,-121.2092526
41,065,970500,41065970500,9705,Census Tract 9705,G5020,S,8208675,263907,+45.6206436,-121.2258893
41,065,970600,41065970600,9706,Census Tract 9706,G5020,S,197079632,12738453,+45.6372407,-121.3543473
41,065,970700,41065970700,9707,Census Tract 9707,G5020,S,434867231,114726,+45.5342510,-121.2357565
41,051,009605,41051009605,96.05,Census Tract 96.05,G5020,S,2650577,0,+45.5345087,-122.4865465
41,051,009604,41051009604,96.04,Census Tract 96.04,G5020,S,2247035,0,+45.5303003,-122.4715177
41,051,010500,41051010500,105,Census Tract 105,G5020,S,471346936,26016365,+45.5522200,-122.0775945
41,051,009502,41051009502,95.02,Census Tract 95.02,G5020,S,1639981,0,+45.5508057,-122.5281331
41,051,004300,41051004300,43,Census Tract 43,G5020,S,24891694,3356526,+45.5808243,-122.7712715
41,051,006300,41051006300,63,Census Tract 63,G5020,S,8107250,585202,+45.4497408,-122.6697884
41,051,006402,41051006402,64.02,Census Tract 64.02,G5020,S,5799679,814,+45.4441332,-122.6984428
41,051,006801,41051006801,68.01,Census Tract 68.01,G5020,S,1421539,0,+45.4926832,-122.7354809
41,051,007400,41051007400,74,Census Tract 74,G5020,S,1453299,0,+45.5658479,-122.6076481
41,051,007500,41051007500,75,Census Tract 75,G5020,S,2159334,0,+45.5568806,-122.6089975
41,051,007600,41051007600,76,Census Tract 76,G5020,S,1598568,0,+45.5601448,-122.5876122
41,051,007700,41051007700,77,Census Tract 77,G5020,S,1099690,0,+45.5592373,-122.5710307
41,051,007900,41051007900,79,Census Tract 79,G5020,S,2016888,0,+45.5533693,-122.5481530
41,051,008001,41051008001,80.01,Census Tract 80.01,G5020,S,1436843,0,+45.5403984,-122.5542995
41,051,008002,41051008002,80.02,Census Tract 80.02,G5020,S,1329132,0,+45.5403004,-122.5431129
41,051,008100,41051008100,81,Census Tract 81,G5020,S,2807867,0,+45.5280492,-122.5524953
41,051,008201,41051008201,82.01,Census Tract 82.01,G5020,S,2108393,0,+45.5118374,-122.5583701
41,051,008202,41051008202,82.02,Census Tract 82.02,G5020,S,2372954,0,+45.5148901,-122.5458702
41,019,110000,41019110000,1100,Census Tract 1100,G5020,S,346543664,1531995,+43.1918265,-123.1829290
41,019,020000,41019020000,200,Census Tract 200,G5020,S,559131526,17615311,+43.5257652,-123.7368420
41,019,030000,41019030000,300,Census Tract 300,G5020,S,1450934909,9914976,+43.7049870,-123.5056301
41,019,080000,41019080000,800,Census Tract 800,G5020,S,36109693,1175524,+43.2693890,-123.3824634
41,019,120000,41019120000,1200,Census Tract 1200,G5020,S,41552995,74087,+43.2448198,-123.3025454
41,019,130000,41019130000,1300,Census Tract 1300,G5020,S,12559969,722772,+43.2023340,-123.3293730
41,019,140000,41019140000,1400,Census Tract 1400,G5020,S,18826022,332047,+43.1846376,-123.3846184
41,019,160000,41019160000,1600,Census Tract 1600,G5020,S,81372647,317294,+43.1300719,-123.4302806
41,019,150000,41019150000,1500,Census Tract 1500,G5020,S,11417298,417847,+43.1521662,-123.3863883
41,019,050001,41019050001,500.01,Census Tract 500.01,G5020,S,450243605,517455,+43.4564720,-123.1358872
41,019,010000,41019010000,100,Census Tract 100,G5020,S,773698389,66145081,+43.7467437,-123.9529689
41,019,060000,41019060000,600,Census Tract 600,G5020,S,277572426,4195726,+43.4003565,-123.4454317
41,019,210000,41019210000,2100,Census Tract 2100,G5020,S,3378529378,718101,+42.9460136,-122.9778874
41,019,090000,41019090000,900,Census Tract 900,G5020,S,113598911,2513232,+43.3228833,-123.3044358
41,051,006802,41051006802,68.02,Census Tract 68.02,G5020,S,2226486,0,+45.4914008,-122.7185357
41,051,006900,41051006900,69,Census Tract 69,G5020,S,4734971,0,+45.5081550,-122.7309692
41,051,007000,41051007000,70,Census Tract 70,G5020,S,36008950,13523,+45.5639673,-122.7907714
41,051,007201,41051007201,72.01,Census Tract 72.01,G5020,S,5432820,6841158,+45.6275145,-122.7161229
41,051,008600,41051008600,86,Census Tract 86,G5020,S,1282152,3236,+45.4693388,-122.5861747
41,051,008902,41051008902,89.02,Census Tract 89.02,G5020,S,2987153,33049,+45.4676733,-122.5607949
41,051,008901,41051008901,89.01,Census Tract 89.01,G5020,S,9682099,53794,+45.4683633,-122.5194557
41,051,009201,41051009201,92.01,Census Tract 92.01,G5020,S,2668279,0,+45.5132729,-122.5293557
41,051,008301,41051008301,83.01,Census Tract 83.01,G5020,S,1621789,0,+45.4973096,-122.5722572
41,051,008302,41051008302,83.02,Census Tract 83.02,G5020,S,2238941,0,+45.4970637,-122.5568991
41,051,008400,41051008400,84,Census Tract 84,G5020,S,1297166,0,+45.4969252,-122.5428285
41,051,008500,41051008500,85,Census Tract 85,G5020,S,2197220,0,+45.4828214,-122.5471307
41,051,008700,41051008700,87,Census Tract 87,G5020,S,1679818,0,+45.4722621,-122.6026947
41,051,009000,41051009000,90,Census Tract 90,G5020,S,2796958,0,+45.4926421,-122.5307082
41,051,009102,41051009102,91.02,Census Tract 91.02,G5020,S,5237745,11917,+45.4873128,-122.5018872
41,051,009202,41051009202,92.02,Census Tract 92.02,G5020,S,1625907,0,+45.5132902,-122.5158688
41,051,009603,41051009603,96.03,Census Tract 96.03,G5020,S,1748364,0,+45.5293071,-122.4607875
41,019,050002,41019050002,500.02,Census Tract 500.02,G5020,S,33398803,763413,+43.3679861,-123.2968521
41,019,040000,41019040000,400,Census Tract 400,G5020,S,366732231,244130,+43.5497487,-123.2724357
41,019,070000,41019070000,700,Census Tract 700,G5020,S,744402784,2325522,+43.3008700,-123.6439020
41,019,180000,41019180000,1800,Census Tract 1800,G5020,S,349655938,30409,+43.0975607,-123.1538710
41,019,190000,41019190000,1900,Census Tract 1900,G5020,S,40867996,0,+42.9995317,-123.3142608
41,019,200000,41019200000,2000,Census Tract 2000,G5020,S,244959523,240125,+42.9293426,-123.3683694
41,019,100000,41019100000,1000,Census Tract 1000,G5020,S,2974087734,16721568,+43.3251131,-122.5428477
41,019,170000,41019170000,1700,Census Tract 1700,G5020,S,737176499,52707,+43.0174694,-123.5896282
41,019,990000,41019990000,9900,Census Tract 9900,G5020,S,0,126451027,+43.7200769,-124.2319230
41,051,009302,41051009302,93.02,Census Tract 93.02,G5020,S,2726446,0,+45.5281169,-122.5235733
41,051,009803,41051009803,98.03,Census Tract 98.03,G5020,S,3252507,3886,+45.4959948,-122.4729659
41,051,009903,41051009903,99.03,Census Tract 99.03,G5020,S,7306656,19141,+45.4739400,-122.4712764
41,051,010200,41051010200,102,Census Tract 102,G5020,S,27671959,14923257,+45.5849069,-122.5415195
41,051,010304,41051010304,103.04,Census Tract 103.04,G5020,S,2139749,0,+45.5344186,-122.4240992
41,051,010306,41051010306,103.06,Census Tract 103.06,G5020,S,1657628,816,+45.5246223,-122.3931717
41,051,010402,41051010402,104.02,Census Tract 104.02,G5020,S,35282429,615696,+45.4847155,-122.3323645
41,051,010407,41051010407,104.07,Census Tract 104.07,G5020,S,4250821,3714,+45.5020285,-122.3900282
41,051,009400,41051009400,94,Census Tract 94,G5020,S,3773819,0,+45.5389139,-122.5181908
41,051,009501,41051009501,95.01,Census Tract 95.01,G5020,S,1872320,0,+45.5475944,-122.5090541
41,051,009701,41051009701,97.01,Census Tract 97.01,G5020,S,1822025,0,+45.5117715,-122.5036726
41,051,010408,41051010408,104.08,Census Tract 104.08,G5020,S,2835868,0,+45.4851683,-122.4047127
41,051,007100,41051007100,71,Census Tract 71,G5020,S,130830011,12851705,+45.6706853,-122.8524303
41,051,009301,41051009301,93.01,Census Tract 93.01,G5020,S,1716029,0,+45.5262292,-122.5030685
41,051,010002,41051010002,100.02,Census Tract 100.02,G5020,S,1933768,0,+45.5039692,-122.4521467
41,051,010305,41051010305,103.05,Census Tract 103.05,G5020,S,3065865,80097,+45.5303220,-122.3808677
41,051,009101,41051009101,91.01,Census Tract 91.01,G5020,S,1591200,0,+45.5007171,-122.5087026
41,051,009804,41051009804,98.04,Census Tract 98.04,G5020,S,1161819,0,+45.4990489,-122.4904971
41,051,010100,41051010100,101,Census Tract 101,G5020,S,4991818,202931,+45.5236734,-122.4447653
41,051,009606,41051009606,96.06,Census Tract 96.06,G5020,S,1220101,0,+45.5227850,-122.4867733
41,051,009702,41051009702,97.02,Census Tract 97.02,G5020,S,2637690,0,+45.5118451,-122.4861201
41,051,009801,41051009801,98.01,Census Tract 98.01,G5020,S,2495547,127455,+45.5136594,-122.4641478
41,051,010001,41051010001,100.01,Census Tract 100.01,G5020,S,2878118,1485,+45.5034203,-122.4314935
41,051,010303,41051010303,103.03,Census Tract 103.03,G5020,S,5354980,2720,+45.5346575,-122.4060317
41,051,010405,41051010405,104.05,Census Tract 104.05,G5020,S,2127563,0,+45.5129749,-122.4227663
41,051,010409,41051010409,104.09,Census Tract 104.09,G5020,S,5916618,0,+45.4760926,-122.3854534
41,051,006404,41051006404,64.04,Census Tract 64.04,G5020,S,2782389,0,+45.4380864,-122.7282762
41,051,009905,41051009905,99.05,Census Tract 99.05,G5020,S,1562783,23764,+45.4849194,-122.4590413
41,051,009907,41051009907,99.07,Census Tract 99.07,G5020,S,8318340,35132,+45.4726866,-122.4206103
41,051,010411,41051010411,104.11,Census Tract 104.11,G5020,S,1165083,0,+45.4995962,-122.4051760
41,051,006403,41051006403,64.03,Census Tract 64.03,G5020,S,1896432,0,+45.4474216,-122.7210045
41,051,010410,41051010410,104.10,Census Tract 104.10,G5020,S,1772119,0,+45.5118935,-122.4065671
41,055,950100,41055950100,9501,Census Tract 9501,G5020,S,2133357976,19403364,+45.3992158,-120.6785124
41,051,002903,41051002903,29.03,Census Tract 29.03,G5020,S,2914305,0,+45.5430739,-122.5707206
41,051,007800,41051007800,78,Census Tract 78,G5020,S,1119852,0,+45.5506445,-122.5625267
41,051,008800,41051008800,88,Census Tract 88,G5020,S,1648519,281,+45.4651623,-122.6034849
41,051,000100,41051000100,1,Census Tract 1,G5020,S,3525233,2344176,+45.4746424,-122.6601981
41,051,000200,41051000200,2,Census Tract 2,G5020,S,2349117,33172,+45.4748886,-122.6443772
41,051,000301,41051000301,3.01,Census Tract 3.01,G5020,S,2270915,57531,+45.4832459,-122.6321107
41,051,009904,41051009904,99.04,Census Tract 99.04,G5020,S,1293402,0,+45.4931668,-122.4537794
41,051,009906,41051009906,99.06,Census Tract 99.06,G5020,S,4748505,26875,+45.4833566,-122.4320972
41,051,010600,41051010600,106,Census Tract 106,G5020,S,1003825,217662,+45.5187235,-122.6758665
41,051,002303,41051002303,23.03,Census Tract 23.03,G5020,S,1971268,219813,+45.5338800,-122.6671541
41,051,002203,41051002203,22.03,Census Tract 22.03,G5020,S,1410902,0,+45.5440315,-122.6670961
41,031,960100,41031960100,9601,Census Tract 9601,G5020,S,2169842112,3135624,+44.6478076,-120.8209049
41,031,940000,41031940000,9400,Census Tract 9400,G5020,S,1050554698,8835623,+44.7267858,-121.5221165
41,031,960302,41031960302,9603.02,Census Tract 9603.02,G5020,S,1273429794,13901971,+44.5140953,-121.5025649
41,031,960202,41031960202,9602.02,Census Tract 9602.02,G5020,S,44404956,0,+44.6402130,-121.1032088
41,031,960201,41031960201,9602.01,Census Tract 9602.01,G5020,S,10307187,0,+44.6169519,-121.1442998
41,031,960301,41031960301,9603.01,Census Tract 9603.01,G5020,S,63672617,358491,+44.4562538,-121.2824573
41,051,000302,41051000302,3.02,Census Tract 3.02,G5020,S,3195741,19385,+45.4695355,-122.6267273
41,051,000401,41051000401,4.01,Census Tract 4.01,G5020,S,1356652,0,+45.4834793,-122.6143322
41,051,000402,41051000402,4.02,Census Tract 4.02,G5020,S,1170687,0,+45.4831734,-122.6041036
41,051,000501,41051000501,5.01,Census Tract 5.01,G5020,S,1128249,0,+45.4822000,-122.5946338
41,051,000502,41051000502,5.02,Census Tract 5.02,G5020,S,1436903,0,+45.4836969,-122.5849455
41,051,000601,41051000601,6.01,Census Tract 6.01,G5020,S,2033315,0,+45.4847811,-122.5666165
41,051,000602,41051000602,6.02,Census Tract 6.02,G5020,S,1658730,0,+45.4747669,-122.5719634
41,051,000701,41051000701,7.01,Census Tract 7.01,G5020,S,1424361,0,+45.5013874,-122.5891143
41,037,960200,41037960200,9602,Census Tract 9602,G5020,S,2423234627,151627487,+42.2038575,-120.5740951
41,037,960100,41037960100,9601,Census Tract 9601,G5020,S,18656636622,416290132,+42.8670655,-120.3777704
41,043,030600,41043030600,306,Census Tract 306,G5020,S,385917900,4056184,+44.3684924,-123.1481193
41,043,030300,41043030300,303,Census Tract 303,G5020,S,3068830179,21806833,+44.4389403,-122.2765514
41,043,020100,41043020100,201,Census Tract 201,G5020,S,149414375,2490734,+44.6652991,-123.0495961
41,043,020200,41043020200,202,Census Tract 202,G5020,S,22494401,0,+44.5755943,-123.1022369
41,043,030700,41043030700,307,Census Tract 307,G5020,S,152632027,1542377,+44.5495616,-123.1341644
41,043,020300,41043020300,203,Census Tract 203,G5020,S,6209261,0,+44.6164947,-123.1209233
41,043,020600,41043020600,206,Census Tract 206,G5020,S,5729225,90649,+44.6069151,-123.0716224
41,043,030100,41043030100,301,Census Tract 301,G5020,S,271574461,3393956,+44.6455550,-122.8695335
41,043,030500,41043030500,305,Census Tract 305,G5020,S,516161974,37549,+44.3270695,-122.9597261
41,043,030902,41043030902,309.02,Census Tract 309.02,G5020,S,166873475,865455,+44.4986331,-122.8685977
41,043,020500,41043020500,205,Census Tract 205,G5020,S,2741993,46127,+44.6298928,-123.0711290
41,043,030401,41043030401,304.01,Census Tract 304.01,G5020,S,86558734,1121609,+44.4114162,-122.7679233
41,043,030903,41043030903,309.03,Census Tract 309.03,G5020,S,5863757,0,+44.5146909,-122.9075594
41,043,030200,41043030200,302,Census Tract 302,G5020,S,881462809,7838274,+44.6874580,-122.4749670
41,043,020400,41043020400,204,Census Tract 204,G5020,S,2878403,271835,+44.6386656,-123.0903114
41,043,030800,41043030800,308,Census Tract 308,G5020,S,74491417,368549,+44.5644034,-122.9495859
41,043,030402,41043030402,304.02,Census Tract 304.02,G5020,S,113962773,4327250,+44.3814597,-122.6847866
41,043,030904,41043030904,309.04,Census Tract 309.04,G5020,S,6045046,516245,+44.5188418,-122.8876647
41,051,000702,41051000702,7.02,Census Tract 7.02,G5020,S,1408358,0,+45.4939098,-122.5900766
41,051,000801,41051000801,8.01,Census Tract 8.01,G5020,S,1559051,0,+45.5013677,-122.6109048
41,051,000802,41051000802,8.02,Census Tract 8.02,G5020,S,1331381,0,+45.4938318,-122.6119783
41,051,000901,41051000901,9.01,Census Tract 9.01,G5020,S,1127223,0,+45.5009772,-122.6310058
41,051,000902,41051000902,9.02,Census Tract 9.02,G5020,S,1001672,0,+45.4937822,-122.6312455
41,051,001000,41051001000,10,Census Tract 10,G5020,S,2524643,0,+45.4979340,-122.6497088
41,051,001101,41051001101,11.01,Census Tract 11.01,G5020,S,1407653,264580,+45.5133179,-122.6612882
41,051,001102,41051001102,11.02,Census Tract 11.02,G5020,S,829737,0,+45.5086055,-122.6559782
41,051,001201,41051001201,12.01,Census Tract 12.01,G5020,S,927602,0,+45.5157105,-122.6421657
41,043,020700,41043020700,207,Census Tract 207,G5020,S,6787498,0,+44.6007089,-123.0956220
41,043,020802,41043020802,208.02,Census Tract 208.02,G5020,S,3193349,0,+44.6182239,-123.0991107
41,043,020801,41043020801,208.01,Census Tract 208.01,G5020,S,1584261,0,+44.6287416,-123.0943750
41,005,022907,41005022907,229.07,Census Tract 229.07,G5020,S,1534101,0,+45.2593250,-122.6821519
41,005,022904,41005022904,229.04,Census Tract 229.04,G5020,S,2602565,50602,+45.2662193,-122.6958200
41,005,022905,41005022905,229.05,Census Tract 229.05,G5020,S,8354441,534767,+45.2865462,-122.7064663
41,005,023002,41005023002,230.02,Census Tract 230.02,G5020,S,48974827,51604,+45.2821561,-122.5571133
41,005,023001,41005023001,230.01,Census Tract 230.01,G5020,S,24784728,87710,+45.3054215,-122.5185592
41,005,023403,41005023403,234.03,Census Tract 234.03,G5020,S,9108569,2186,+45.3840047,-122.2621936
41,005,023404,41005023404,234.04,Census Tract 234.04,G5020,S,13400020,29616,+45.4107242,-122.2717417
41,005,023902,41005023902,239.02,Census Tract 239.02,G5020,S,33703495,0,+45.1470771,-122.5724626
41,005,023901,41005023901,239.01,Census Tract 239.01,G5020,S,6095098,0,+45.1621337,-122.5881278
41,005,024303,41005024303,243.03,Census Tract 243.03,G5020,S,13782228,1514,+45.3516217,-121.9878800
41,005,024304,41005024304,243.04,Census Tract 243.04,G5020,S,643669525,5176118,+45.3463662,-121.8623648
41,067,031909,41067031909,319.09,Census Tract 319.09,G5020,S,2816766,0,+45.4210503,-122.8385986
41,067,031812,41067031812,318.12,Census Tract 318.12,G5020,S,1383974,0,+45.4322795,-122.8313529
41,067,031912,41067031912,319.12,Census Tract 319.12,G5020,S,2931321,4517,+45.4376381,-122.7881494
41,067,031616,41067031616,316.16,Census Tract 316.16,G5020,S,797758,0,+45.5340877,-122.8723529
41,067,031609,41067031609,316.09,Census Tract 316.09,G5020,S,5669244,0,+45.5258938,-122.8859624
41,067,032700,41067032700,327,Census Tract 327,G5020,S,218781901,41979,+45.6913242,-123.0081617
41,067,031509,41067031509,315.09,Census Tract 315.09,G5020,S,19131728,0,+45.5795416,-122.8710438
41,067,031514,41067031514,315.14,Census Tract 315.14,G5020,S,2754365,0,+45.5570971,-122.8454607
41,067,031513,41067031513,315.13,Census Tract 315.13,G5020,S,5082513,0,+45.5544390,-122.8227668
41,067,030101,41067030101,301.01,Census Tract 301.01,G5020,S,5551593,0,+45.5143996,-122.7677164
41,067,030102,41067030102,301.02,Census Tract 301.02,G5020,S,3755561,0,+45.5255511,-122.7832249
41,067,031615,41067031615,316.15,Census Tract 316.15,G5020,S,2119357,0,+45.5019630,-122.8910813
41,067,032408,41067032408,324.08,Census Tract 324.08,G5020,S,3210592,0,+45.5243721,-122.9168269
41,067,032608,41067032608,326.08,Census Tract 326.08,G5020,S,6839358,0,+45.5397732,-122.9417261
41,067,032610,41067032610,326.10,Census Tract 326.10,G5020,S,1050606,0,+45.5395794,-122.9704041
41,067,031805,41067031805,318.05,Census Tract 318.05,G5020,S,3356145,0,+45.4662047,-122.8605317
41,067,031814,41067031814,318.14,Census Tract 318.14,G5020,S,1914004,0,+45.4590681,-122.8474770
41,067,032107,41067032107,321.07,Census Tract 321.07,G5020,S,5945199,0,+45.3611318,-122.8006570
41,067,032104,41067032104,321.04,Census Tract 321.04,G5020,S,3928194,0,+45.3554518,-122.8260404
41,067,032001,41067032001,320.01,Census Tract 320.01,G5020,S,8307062,0,+45.3892523,-122.7948152
41,067,032410,41067032410,324.10,Census Tract 324.10,G5020,S,1634274,0,+45.5097928,-122.9591303
41,067,032502,41067032502,325.02,Census Tract 325.02,G5020,S,3420053,0,+45.4992015,-122.9751340
41,067,032501,41067032501,325.01,Census Tract 325.01,G5020,S,5073342,0,+45.5123406,-122.9917376
41,067,032409,41067032409,324.09,Census Tract 324.09,G5020,S,1061223,0,+45.5188106,-122.9645252
41,067,033302,41067033302,333.02,Census Tract 333.02,G5020,S,69025446,48442,+45.5733603,-123.1625639
41,067,032606,41067032606,326.06,Census Tract 326.06,G5020,S,2627912,0,+45.5297765,-122.9670715
41,067,031614,41067031614,316.14,Census Tract 316.14,G5020,S,1444331,0,+45.5114054,-122.8908472
41,067,032407,41067032407,324.07,Census Tract 324.07,G5020,S,2340927,0,+45.5148462,-122.9201930
41,067,032108,41067032108,321.08,Census Tract 321.08,G5020,S,4029792,0,+45.3625450,-122.7596041
41,067,033301,41067033301,333.01,Census Tract 333.01,G5020,S,2667722,0,+45.5316349,-123.1185033
41,067,031815,41067031815,318.15,Census Tract 318.15,G5020,S,2584984,0,+45.4548429,-122.8353659
41,067,031617,41067031617,316.17,Census Tract 316.17,G5020,S,2766152,0,+45.5435438,-122.8862980
41,067,032800,41067032800,328,Census Tract 328,G5020,S,64739327,0,+45.5752850,-123.0518354
41,067,032110,41067032110,321.10,Census Tract 321.10,G5020,S,11671001,0,+45.3430471,-122.7727295
41,067,032109,41067032109,321.09,Census Tract 321.09,G5020,S,1608559,0,+45.3592239,-122.7870128
41,067,032003,41067032003,320.03,Census Tract 320.03,G5020,S,4902461,0,+45.3781180,-122.7835542
41,067,032004,41067032004,320.04,Census Tract 320.04,G5020,S,1302545,0,+45.3727468,-122.7579427
41,067,032005,41067032005,320.05,Census Tract 320.05,G5020,S,3252557,0,+45.3887460,-122.7503354
41,067,030806,41067030806,308.06,Census Tract 308.06,G5020,S,2288189,0,+45.4084286,-122.7555222
41,067,032607,41067032607,326.07,Census Tract 326.07,G5020,S,6290211,0,+45.5454234,-122.9130678
41,067,032609,41067032609,326.09,Census Tract 326.09,G5020,S,1429956,0,+45.5456567,-122.9680183
41,067,033101,41067033101,331.01,Census Tract 331.01,G5020,S,6281851,0,+45.5092069,-123.1221703
41,067,033102,41067033102,331.02,Census Tract 331.02,G5020,S,7593043,0,+45.4998218,-123.1020337
41,067,032901,41067032901,329.01,Census Tract 329.01,G5020,S,11504581,3652,+45.5348468,-123.0521513
41,005,022103,41005022103,221.03,Census Tract 221.03,G5020,S,3704670,0,+45.4188777,-122.5126468
41,005,020304,41005020304,203.04,Census Tract 203.04,G5020,S,2435662,1260,+45.4252904,-122.7371420
41,005,020303,41005020303,203.03,Census Tract 203.03,G5020,S,2317812,0,+45.4264179,-122.7152807
41,005,021801,41005021801,218.01,Census Tract 218.01,G5020,S,3752696,0,+45.4089152,-122.6037481
41,005,021802,41005021802,218.02,Census Tract 218.02,G5020,S,1796151,0,+45.4006919,-122.6139373
41,005,020503,41005020503,205.03,Census Tract 205.03,G5020,S,2352121,18518,+45.4041623,-122.6674282
41,005,023201,41005023201,232.01,Census Tract 232.01,G5020,S,26366088,2569,+45.4459220,-122.4516029
41,005,024100,41005024100,241,Census Tract 241,G5020,S,273393224,205246,+45.1496022,-122.4008078
41,005,023500,41005023500,235,Census Tract 235,G5020,S,93750056,1134855,+45.3567211,-122.3261812
41,005,023600,41005023600,236,Census Tract 236,G5020,S,123966595,1058609,+45.2470661,-122.3787744
41,005,024200,41005024200,242,Census Tract 242,G5020,S,95061258,1048737,+45.2685799,-122.2384720
41,005,024000,41005024000,240,Census Tract 240,G5020,S,631619765,482463,+45.0079055,-122.4218329
41,005,024302,41005024302,243.02,Census Tract 243.02,G5020,S,268411883,343332,+45.3335038,-122.1252192
41,005,023700,41005023700,237,Census Tract 237,G5020,S,101234051,108372,+45.2287696,-122.5466997
41,005,020100,41005020100,201,Census Tract 201,G5020,S,4556613,217729,+45.4277406,-122.6711616
41,005,020200,41005020200,202,Census Tract 202,G5020,S,5648201,1127678,+45.4155820,-122.6885515
41,005,020302,41005020302,203.02,Census Tract 203.02,G5020,S,3454292,0,+45.4106777,-122.7334616
41,067,033200,41067033200,332,Census Tract 332,G5020,S,8903136,6707,+45.5370611,-123.0939938
41,005,020401,41005020401,204.01,Census Tract 204.01,G5020,S,3984830,27018,+45.3939870,-122.7292221
41,005,020404,41005020404,204.04,Census Tract 204.04,G5020,S,3043110,694035,+45.4044858,-122.6914809
41,005,020501,41005020501,205.01,Census Tract 205.01,G5020,S,13078696,0,+45.3689786,-122.6676637
41,005,020504,41005020504,205.04,Census Tract 205.04,G5020,S,6477835,3088,+45.3844235,-122.6581504
41,005,020600,41005020600,206,Census Tract 206,G5020,S,6239366,786257,+45.3653229,-122.6257861
41,005,020700,41005020700,207,Census Tract 207,G5020,S,3226125,482263,+45.3460678,-122.6546685
41,067,031504,41067031504,315.04,Census Tract 315.04,G5020,S,3885580,0,+45.5551428,-122.8833965
41,067,031611,41067031611,316.11,Census Tract 316.11,G5020,S,4344592,0,+45.5232460,-122.8432241
41,067,031705,41067031705,317.05,Census Tract 317.05,G5020,S,1654510,0,+45.4856048,-122.8614630
41,067,031610,41067031610,316.10,Census Tract 316.10,G5020,S,2808256,0,+45.5264982,-122.8612746
41,067,031511,41067031511,315.11,Census Tract 315.11,G5020,S,1619150,0,+45.5479210,-122.8618842
41,067,031403,41067031403,314.03,Census Tract 314.03,G5020,S,2545823,18325,+45.5164494,-122.8156844
41,067,032103,41067032103,321.03,Census Tract 321.03,G5020,S,16879867,0,+45.3444473,-122.8552373
41,067,031612,41067031612,316.12,Census Tract 316.12,G5020,S,1050271,0,+45.5094645,-122.8593459
41,005,020800,41005020800,208,Census Tract 208,G5020,S,3984919,309933,+45.4475785,-122.6400931
41,005,020900,41005020900,209,Census Tract 209,G5020,S,1765219,0,+45.4550951,-122.6277149
41,005,021000,41005021000,210,Census Tract 210,G5020,S,2458945,247,+45.4533417,-122.6109135
41,005,021100,41005021100,211,Census Tract 211,G5020,S,2476296,3783,+45.4431814,-122.6103187
41,005,021200,41005021200,212,Census Tract 212,G5020,S,1969967,316763,+45.4306502,-122.6425893
41,005,021500,41005021500,215,Census Tract 215,G5020,S,6171931,4902,+45.4264994,-122.6071077
41,067,030300,41067030300,303,Census Tract 303,G5020,S,3263132,0,+45.4936627,-122.7556734
41,067,030401,41067030401,304.01,Census Tract 304.01,G5020,S,4140919,0,+45.4799679,-122.7772100
41,067,030402,41067030402,304.02,Census Tract 304.02,G5020,S,3005716,6852,+45.4743550,-122.7540076
41,067,030501,41067030501,305.01,Census Tract 305.01,G5020,S,3564386,0,+45.4634243,-122.7717821
41,067,030600,41067030600,306,Census Tract 306,G5020,S,3101307,0,+45.4463733,-122.7557139
41,067,031512,41067031512,315.12,Census Tract 315.12,G5020,S,2265145,0,+45.5434815,-122.8486783
41,067,031300,41067031300,313,Census Tract 313,G5020,S,3730345,0,+45.4924999,-122.7920471
41,005,021601,41005021601,216.01,Census Tract 216.01,G5020,S,2469422,29587,+45.4550878,-122.5855438
41,005,021602,41005021602,216.02,Census Tract 216.02,G5020,S,2622909,6009,+45.4402768,-122.5860346
41,005,022101,41005022101,221.01,Census Tract 221.01,G5020,S,3268574,10910,+45.4084269,-122.5790239
41,005,022201,41005022201,222.01,Census Tract 222.01,G5020,S,2036706,0,+45.4453950,-122.5746003
41,005,022602,41005022602,226.02,Census Tract 226.02,G5020,S,11907718,866334,+45.3211643,-122.6423082
41,005,022400,41005022400,224,Census Tract 224,G5020,S,2925831,145613,+45.3571823,-122.5971128
41,067,031404,41067031404,314.04,Census Tract 314.04,G5020,S,2415836,0,+45.5071759,-122.8088060
41,067,031402,41067031402,314.02,Census Tract 314.02,G5020,S,4141317,0,+45.4986747,-122.8254269
41,067,031806,41067031806,318.06,Census Tract 318.06,G5020,S,2505379,0,+45.4751462,-122.8431182
41,067,031807,41067031807,318.07,Census Tract 318.07,G5020,S,1626526,0,+45.4745934,-122.8314025
41,067,031904,41067031904,319.04,Census Tract 319.04,G5020,S,1803543,0,+45.4245776,-122.7915139
41,067,032406,41067032406,324.06,Census Tract 324.06,G5020,S,3806735,31207,+45.5042230,-122.9192279
41,067,032200,41067032200,322,Census Tract 322,G5020,S,85618876,15491,+45.3811064,-122.9255365
41,067,032300,41067032300,323,Census Tract 323,G5020,S,49216691,20897,+45.4487918,-122.9113516
41,067,032603,41067032603,326.03,Census Tract 326.03,G5020,S,17878252,0,+45.5594545,-122.9693431
41,067,032404,41067032404,324.04,Census Tract 324.04,G5020,S,3706476,0,+45.5172168,-122.9439382
41,067,032503,41067032503,325.03,Census Tract 325.03,G5020,S,3838765,0,+45.4919270,-122.9620709
41,067,032604,41067032604,326.04,Census Tract 326.04,G5020,S,3150742,0,+45.5275390,-122.9922812
41,067,031606,41067031606,316.06,Census Tract 316.06,G5020,S,2441552,0,+45.5048261,-122.8737886
41,067,031613,41067031613,316.13,Census Tract 316.13,G5020,S,4646740,0,+45.5019526,-122.8495436
41,005,022500,41005022500,225,Census Tract 225,G5020,S,5647224,155949,+45.3452420,-122.6015275
41,005,022901,41005022901,229.01,Census Tract 229.01,G5020,S,24429486,410251,+45.2649782,-122.6422378
41,005,022702,41005022702,227.02,Census Tract 227.02,G5020,S,51051488,2112017,+45.3354303,-122.7044451
41,005,023202,41005023202,232.02,Census Tract 232.02,G5020,S,22051209,524898,+45.4040355,-122.4643562
41,005,021700,41005021700,217,Census Tract 217,G5020,S,4464021,501327,+45.3906320,-122.6213643
41,005,021900,41005021900,219,Census Tract 219,G5020,S,1537901,0,+45.3840972,-122.6024261
41,005,022000,41005022000,220,Census Tract 220,G5020,S,3605290,4760,+45.3885307,-122.5897297
41,005,021400,41005021400,214,Census Tract 214,G5020,S,3309708,23832,+45.4217315,-122.6230258
41,067,031706,41067031706,317.06,Census Tract 317.06,G5020,S,1641371,0,+45.4872928,-122.8437632
41,067,031703,41067031703,317.03,Census Tract 317.03,G5020,S,2428074,0,+45.4893078,-122.8798042
41,067,031704,41067031704,317.04,Census Tract 317.04,G5020,S,3116335,0,+45.4768538,-122.8823942
41,067,031804,41067031804,318.04,Census Tract 318.04,G5020,S,9633341,0,+45.4479569,-122.8732399
41,067,030200,41067030200,302,Census Tract 302,G5020,S,4730752,0,+45.5030471,-122.7776475
41,067,030900,41067030900,309,Census Tract 309,G5020,S,3423528,0,+45.4445965,-122.7755080
41,005,021300,41005021300,213,Census Tract 213,G5020,S,3422763,252456,+45.4126599,-122.6441273
41,005,023100,41005023100,231,Census Tract 231,G5020,S,97269481,990478,+45.3472062,-122.4700783
41,005,023300,41005023300,233,Census Tract 233,G5020,S,39810169,19876,+45.4308106,-122.3901621
41,005,023401,41005023401,234.01,Census Tract 234.01,G5020,S,48666367,175910,+45.4234584,-122.3107507
41,005,022800,41005022800,228,Census Tract 228,G5020,S,36604173,1196006,+45.2800534,-122.7422751
41,005,023800,41005023800,238,Census Tract 238,G5020,S,198187604,525412,+45.1612490,-122.6863880
41,005,980000,41005980000,9800,Census Tract 9800,G5020,S,1614288227,6705772,+45.0633234,-121.9883464
41,005,020505,41005020505,205.05,Census Tract 205.05,G5020,S,3420548,570825,+45.3922427,-122.6392883
41,005,020403,41005020403,204.03,Census Tract 204.03,G5020,S,4051827,22931,+45.3905062,-122.7048436
41,005,022107,41005022107,221.07,Census Tract 221.07,G5020,S,4579203,0,+45.4258747,-122.5605543
41,005,022105,41005022105,221.05,Census Tract 221.05,G5020,S,4591562,0,+45.4160102,-122.5422521
41,005,022108,41005022108,221.08,Census Tract 221.08,G5020,S,7220305,96000,+45.4016335,-122.5515456
41,067,031003,41067031003,310.03,Census Tract 310.03,G5020,S,3243492,0,+45.4671583,-122.8168005
41,067,031004,41067031004,310.04,Census Tract 310.04,G5020,S,2853138,0,+45.4494649,-122.8157361
41,067,031005,41067031005,310.05,Census Tract 310.05,G5020,S,2288799,0,+45.4687873,-122.7953283
41,067,031006,41067031006,310.06,Census Tract 310.06,G5020,S,2859238,0,+45.4543080,-122.7982186
41,067,031100,41067031100,311,Census Tract 311,G5020,S,907139,0,+45.4807348,-122.7996652
41,005,022206,41005022206,222.06,Census Tract 222.06,G5020,S,5898137,0,+45.4506676,-122.5551813
41,005,022205,41005022205,222.05,Census Tract 222.05,G5020,S,2501080,0,+45.4378760,-122.5486985
41,005,022208,41005022208,222.08,Census Tract 222.08,G5020,S,11416654,0,+45.4468720,-122.5071874
41,005,022207,41005022207,222.07,Census Tract 222.07,G5020,S,4052894,0,+45.4355900,-122.5238813
41,005,022301,41005022301,223.01,Census Tract 223.01,G5020,S,18885707,810768,+45.3847428,-122.5453333
41,005,022708,41005022708,227.08,Census Tract 227.08,G5020,S,30704177,1011321,+45.2912630,-122.8330203
41,005,022302,41005022302,223.02,Census Tract 223.02,G5020,S,18529104,25698,+45.3447330,-122.5528935
41,005,022606,41005022606,226.06,Census Tract 226.06,G5020,S,5344743,0,+45.3211890,-122.6146613
41,067,031200,41067031200,312,Census Tract 312,G5020,S,2333048,0,+45.4828644,-122.8161605
41,067,031507,41067031507,315.07,Census Tract 315.07,G5020,S,3344386,0,+45.5330742,-122.8160656
41,067,031508,41067031508,315.08,Census Tract 315.08,G5020,S,4550644,0,+45.5380417,-122.7980023
41,067,030502,41067030502,305.02,Census Tract 305.02,G5020,S,1979463,0,+45.4591212,-122.7543700
41,067,032902,41067032902,329.02,Census Tract 329.02,G5020,S,14849742,352493,+45.5106658,-123.0450110
41,067,030803,41067030803,308.03,Census Tract 308.03,G5020,S,2153319,0,+45.4084039,-122.7813084
41,067,031506,41067031506,315.06,Census Tract 315.06,G5020,S,1879457,0,+45.5362488,-122.8325369
41,023,960200,41023960200,9602,Census Tract 9602,G5020,S,4640018356,562306,+44.2838196,-119.2537302
41,023,960100,41023960100,9601,Census Tract 9601,G5020,S,7088849438,1331496,+44.6276205,-118.8394135
41,005,022605,41005022605,226.05,Census Tract 226.05,G5020,S,6302676,6066,+45.3209006,-122.5906136
41,005,022603,41005022603,226.03,Census Tract 226.03,G5020,S,3727733,4886,+45.3192246,-122.5698152
41,005,022707,41005022707,227.07,Census Tract 227.07,G5020,S,17204911,5289,+45.3287258,-122.8056348
41,005,022710,41005022710,227.10,Census Tract 227.10,G5020,S,2788906,273295,+45.3055335,-122.7474075
41,005,024400,41005024400,244,Census Tract 244,G5020,S,5885026,2030,+45.3182544,-122.7564610
41,005,022906,41005022906,229.06,Census Tract 229.06,G5020,S,2722586,29201,+45.2524940,-122.7012240
41,067,030700,41067030700,307,Census Tract 307,G5020,S,3738181,0,+45.4287026,-122.7532884
41,067,030801,41067030801,308.01,Census Tract 308.01,G5020,S,3689311,0,+45.4193881,-122.7718001
41,067,033000,41067033000,330,Census Tract 330,G5020,S,150108965,355896,+45.4478386,-123.0495846
41,067,033400,41067033400,334,Census Tract 334,G5020,S,195279257,28859,+45.7154185,-123.1607624
41,067,033500,41067033500,335,Census Tract 335,G5020,S,256167994,85400,+45.6795040,-123.2959113
41,067,033600,41067033600,336,Census Tract 336,G5020,S,389546228,4645851,+45.5029613,-123.2935060
41,067,031911,41067031911,319.11,Census Tract 319.11,G5020,S,2025445,5979,+45.4352241,-122.8075313
41,067,031910,41067031910,319.10,Census Tract 319.10,G5020,S,4103803,0,+45.4230578,-122.8120435
41,067,030805,41067030805,308.05,Census Tract 308.05,G5020,S,2321882,0,+45.3999613,-122.7802949
41,067,031907,41067031907,319.07,Census Tract 319.07,G5020,S,4847984,0,+45.3979107,-122.8178640
41,067,031908,41067031908,319.08,Census Tract 319.08,G5020,S,10696247,0,+45.4074576,-122.8422873
41,067,031813,41067031813,318.13,Census Tract 318.13,G5020,S,4579191,0,+45.4392255,-122.8437691
41,047,010801,41047010801,108.01,Census Tract 108.01,G5020,S,114708178,957203,+44.7768425,-122.9280424
41,047,010802,41047010802,108.02,Census Tract 108.02,G5020,S,108655489,1824142,+44.7610847,-123.0438741
41,047,010702,41047010702,107.02,Census Tract 107.02,G5020,S,194891830,1166714,+44.8401455,-122.7459612
41,047,001501,41047001501,15.01,Census Tract 15.01,G5020,S,3038642,0,+45.0094468,-123.0090264
41,047,010501,41047010501,105.01,Census Tract 105.01,G5020,S,395778553,31648,+44.9354903,-122.6147234
41,047,001200,41047001200,12,Census Tract 12,G5020,S,2264232,0,+44.9224110,-123.0378279
41,047,001300,41047001300,13,Census Tract 13,G5020,S,6851499,357174,+44.9317322,-123.0584318
41,047,010400,41047010400,104,Census Tract 104,G5020,S,79667102,92063,+45.0778700,-122.7846588
41,047,000900,41047000900,9,Census Tract 9,G5020,S,2042782,0,+44.9328699,-123.0184558
41,047,001601,41047001601,16.01,Census Tract 16.01,G5020,S,4019144,0,+44.9906704,-122.9807571
41,047,001702,41047001702,17.02,Census Tract 17.02,G5020,S,2012188,0,+44.9471127,-122.9712764
41,047,002800,41047002800,28,Census Tract 28,G5020,S,49147884,573643,+44.8429038,-123.0947509
41,047,001703,41047001703,17.03,Census Tract 17.03,G5020,S,7566348,0,+44.9422037,-122.9494981
41,047,001603,41047001603,16.03,Census Tract 16.03,G5020,S,13003483,0,+44.9750223,-122.9473037
41,047,002301,41047002301,23.01,Census Tract 23.01,G5020,S,3636356,0,+44.8705304,-123.0720776
41,047,010303,41047010303,103.03,Census Tract 103.03,G5020,S,98315230,144538,+45.1249943,-122.9025747
41,047,001000,41047001000,10,Census Tract 10,G5020,S,13757578,28890,+44.9074891,-123.0009125
41,047,001801,41047001801,18.01,Census Tract 18.01,G5020,S,3375282,0,+44.9241696,-122.9783893
41,047,010304,41047010304,103.04,Census Tract 103.04,G5020,S,3391731,0,+45.1348533,-122.8549850
41,047,010502,41047010502,105.02,Census Tract 105.02,G5020,S,4972972,42776,+45.0036839,-122.7754505
41,047,010100,41047010100,101,Census Tract 101,G5020,S,127267709,4348405,+45.2029128,-122.9554028
41,047,001503,41047001503,15.03,Census Tract 15.03,G5020,S,2303189,0,+44.9853452,-123.0183209
41,047,001701,41047001701,17.01,Census Tract 17.01,G5020,S,2506495,0,+44.9425581,-122.9833380
41,047,000200,41047000200,2,Census Tract 2,G5020,S,3132280,159863,+44.9421179,-123.0350176
41,047,000600,41047000600,6,Census Tract 6,G5020,S,2091202,0,+44.9468291,-123.0136613
41,047,001100,41047001100,11,Census Tract 11,G5020,S,2303122,0,+44.9056579,-123.0337955
41,047,000300,41047000300,3,Census Tract 3,G5020,S,2098277,128073,+44.9571998,-123.0267274
41,047,002700,41047002700,27,Census Tract 27,G5020,S,103208436,46746,+44.8740495,-122.9225194
41,047,001802,41047001802,18.02,Census Tract 18.02,G5020,S,8566985,0,+44.9170797,-122.9511972
41,047,010503,41047010503,105.03,Census Tract 105.03,G5020,S,101078362,318010,+44.9353118,-122.7764678
41,047,002000,41047002000,20,Census Tract 20,G5020,S,6395340,0,+44.8787946,-123.0167502
41,047,001803,41047001803,18.03,Census Tract 18.03,G5020,S,15749403,0,+44.8891497,-122.9698499
41,047,010701,41047010701,107.01,Census Tract 107.01,G5020,S,14516183,70917,+44.8051017,-122.7982897
41,047,002400,41047002400,24,Census Tract 24,G5020,S,31130356,1785165,+44.8775312,-123.1128075
41,047,001502,41047001502,15.02,Census Tract 15.02,G5020,S,2878832,0,+44.9976770,-123.0106023
41,047,000400,41047000400,4,Census Tract 4,G5020,S,5250220,209629,+44.9740153,-123.0149973
41,047,001602,41047001602,16.02,Census Tract 16.02,G5020,S,3020960,0,+44.9767912,-122.9793179
41,047,001604,41047001604,16.04,Census Tract 16.04,G5020,S,3404000,0,+44.9617311,-122.9776073
41,047,010600,41047010600,106,Census Tract 106,G5020,S,1111902923,11130357,+44.7997005,-122.1502479
41,047,002600,41047002600,26,Census Tract 26,G5020,S,94298446,40317,+45.0000523,-122.8827860
41,047,010305,41047010305,103.05,Census Tract 103.05,G5020,S,18849060,73421,+45.1447966,-122.8164078
41,047,000502,41047000502,5.02,Census Tract 5.02,G5020,S,1687854,0,+44.9714662,-122.9989272
41,047,001401,41047001401,14.01,Census Tract 14.01,G5020,S,8012792,426021,+45.0054159,-123.0500275
41,047,002502,41047002502,25.02,Census Tract 25.02,G5020,S,120468958,1396755,+45.0617983,-122.9737504
41,047,000501,41047000501,5.01,Census Tract 5.01,G5020,S,2320350,0,+44.9597364,-123.0011733
41,047,002102,41047002102,21.02,Census Tract 21.02,G5020,S,3077012,0,+44.8898693,-123.0463466
41,047,002303,41047002303,23.03,Census Tract 23.03,G5020,S,3511296,0,+44.8772785,-123.0449984
41,047,002202,41047002202,22.02,Census Tract 22.02,G5020,S,4023872,0,+44.8940801,-123.0673493
41,047,002101,41047002101,21.01,Census Tract 21.01,G5020,S,1051900,9026,+44.9028726,-123.0464597
41,047,002501,41047002501,25.01,Census Tract 25.01,G5020,S,5117456,0,+45.0248744,-123.0147415
41,047,002304,41047002304,23.04,Census Tract 23.04,G5020,S,5545436,0,+44.8639747,-123.0408709
41,047,010202,41047010202,102.02,Census Tract 102.02,G5020,S,59937551,250374,+45.1965838,-122.7958359
41,047,010307,41047010307,103.07,Census Tract 103.07,G5020,S,7449327,0,+45.1585520,-122.8653225
41,047,010201,41047010201,102.01,Census Tract 102.01,G5020,S,54651315,507949,+45.2274885,-122.8471998
41,047,002201,41047002201,22.01,Census Tract 22.01,G5020,S,1364516,0,+44.9086203,-123.0585535
41,069,960100,41069960100,9601,Census Tract 9601,G5020,S,4441179416,1242192,+44.7364108,-120.0268750
41,047,010306,41047010306,103.06,Census Tract 103.06,G5020,S,4610654,0,+45.1427721,-122.8731588
41,047,001402,41047001402,14.02,Census Tract 14.02,G5020,S,2572486,242390,+44.9892120,-123.0355217
41,047,000701,41047000701,7.01,Census Tract 7.01,G5020,S,3758595,0,+44.9404879,-122.9989164
41,035,970200,41035970200,9702,Census Tract 9702,G5020,S,4432828780,55235745,+42.6973333,-121.5461416
41,035,970100,41035970100,9701,Census Tract 9701,G5020,S,4295159503,95243386,+43.2691220,-121.7828995
41,035,970300,41035970300,9703,Census Tract 9703,G5020,S,2484675577,223061488,+42.3350489,-122.1080879
41,035,970800,41035970800,9708,Census Tract 9708,G5020,S,90364795,4587462,+42.1343093,-121.7634655
41,035,970900,41035970900,9709,Census Tract 9709,G5020,S,149290529,38249578,+42.2422218,-121.8859458
41,035,971000,41035971000,9710,Census Tract 9710,G5020,S,216766840,38006160,+42.2739830,-121.7357632
41,035,971100,41035971100,9711,Census Tract 9711,G5020,S,36696570,0,+42.2357608,-121.7125101
41,035,971200,41035971200,9712,Census Tract 9712,G5020,S,2250192,0,+42.2110798,-121.7362533
41,035,971400,41035971400,9714,Census Tract 9714,G5020,S,5170425,0,+42.1840752,-121.7253580
41,035,971500,41035971500,9715,Census Tract 9715,G5020,S,16851008,691584,+42.1874331,-121.7644180
41,035,971600,41035971600,9716,Census Tract 9716,G5020,S,2396981,0,+42.2166931,-121.7578624
41,035,971700,41035971700,9717,Census Tract 9717,G5020,S,2976030,0,+42.2295674,-121.7628136
41,035,971800,41035971800,9718,Census Tract 9718,G5020,S,3298073,789779,+42.2227516,-121.7839871
41,035,972000,41035972000,9720,Census Tract 9720,G5020,S,17762017,5161800,+42.2621126,-121.7985975
41,035,971300,41035971300,9713,Census Tract 9713,G5020,S,5375385,0,+42.1957202,-121.7144435
41,035,971900,41035971900,9719,Census Tract 9719,G5020,S,2360573,0,+42.2367475,-121.7864601
41,035,970500,41035970500,9705,Census Tract 9705,G5020,S,2542604073,30859746,+42.2903553,-121.1010728
41,035,970600,41035970600,9706,Census Tract 9706,G5020,S,128659473,80070,+42.0257966,-121.4422886
41,035,970700,41035970700,9707,Census Tract 9707,G5020,S,398101774,2342510,+42.0729985,-121.6603754
41,035,970400,41035970400,9704,Census Tract 9704,G5020,S,553663718,9436706,+42.2695943,-121.5992083
41,017,001200,41017001200,12,Census Tract 12,G5020,S,256734268,136461,+44.1011629,-121.1197467
41,017,001300,41017001300,13,Census Tract 13,G5020,S,18070728,59656,+44.0708067,-121.3454139
41,017,001400,41017001400,14,Census Tract 14,G5020,S,12753584,139709,+44.0425834,-121.3494932
41,017,001500,41017001500,15,Census Tract 15,G5020,S,4680330,127773,+44.0469362,-121.3074409
41,017,001700,41017001700,17,Census Tract 17,G5020,S,4718500,0,+44.0736023,-121.2714671
41,017,002000,41017002000,20,Census Tract 20,G5020,S,12933919,0,+44.0138812,-121.3015376
41,017,002100,41017002100,21,Census Tract 21,G5020,S,14274025,273573,+44.0161093,-121.3403858
41,017,001600,41017001600,16,Census Tract 16,G5020,S,4906790,60153,+44.0671436,-121.2998537
41,017,001100,41017001100,11,Census Tract 11,G5020,S,54098117,0,+44.1189486,-121.3127980
41,017,000700,41017000700,7,Census Tract 7,G5020,S,140447377,268937,+44.3427157,-121.1830055
41,017,000800,41017000800,8,Census Tract 8,G5020,S,9379532,0,+44.2932673,-121.1831678
41,017,000900,41017000900,9,Census Tract 9,G5020,S,16329211,1879,+44.2573989,-121.1668598
41,017,001800,41017001800,18,Census Tract 18,G5020,S,6442235,0,+44.0520837,-121.2796490
41,017,000100,41017000100,1,Census Tract 1,G5020,S,3458151917,10508563,+43.7611386,-120.8356595
41,017,000200,41017000200,2,Census Tract 2,G5020,S,817270486,66241457,+43.7157089,-121.7340076
41,017,000300,41017000300,3,Census Tract 3,G5020,S,155097751,0,+43.7809459,-121.4721612
41,017,000500,41017000500,5,Census Tract 5,G5020,S,1969908237,15045247,+44.0970190,-121.7030730
41,017,000600,41017000600,6,Census Tract 6,G5020,S,442569833,722710,+44.2658984,-121.3671284
41,017,000402,41017000402,4.02,Census Tract 4.02,G5020,S,54735272,865756,+43.8848952,-121.4599091
41,017,001902,41017001902,19.02,Census Tract 19.02,G5020,S,22102818,0,+44.0245156,-121.2613939
41,017,001901,41017001901,19.01,Census Tract 19.01,G5020,S,35355582,0,+44.0261591,-121.2182389
41,017,001002,41017001002,10.02,Census Tract 10.02,G5020,S,78697535,0,+44.1840150,-121.2092383
41,017,001001,41017001001,10.01,Census Tract 10.01,G5020,S,83926905,0,+44.2438244,-121.1865580
41,017,000401,41017000401,4.01,Census Tract 4.01,G5020,S,143480204,295169,+43.9310830,-121.3746305
41,001,950200,41001950200,9502,Census Tract 9502,G5020,S,20004678,0,+44.7786470,-117.8751526
41,001,950300,41001950300,9503,Census Tract 9503,G5020,S,1750622770,5232579,+44.5605166,-117.5792357
41,001,950400,41001950400,9504,Census Tract 9504,G5020,S,5382767,178980,+44.7911500,-117.8172115
41,001,950500,41001950500,9505,Census Tract 9505,G5020,S,501041096,1304625,+44.9038966,-117.7857663
41,001,950600,41001950600,9506,Census Tract 9506,G5020,S,2797622109,30626177,+44.8510740,-117.2473647
41,001,950100,41001950100,9501,Census Tract 9501,G5020,S,2872335513,14489033,+44.6150082,-118.1527414
41,033,361400,41033361400,3614,Census Tract 3614,G5020,S,201117888,0,+42.2446632,-123.3040432
41,033,360400,41033360400,3604,Census Tract 3604,G5020,S,216785958,188723,+42.5333029,-123.2753322
41,033,361600,41033361600,3616,Census Tract 3616,G5020,S,1180850344,654149,+42.0757648,-123.5539613
41,033,360100,41033360100,3601,Census Tract 3601,G5020,S,903888333,575074,+42.6087890,-123.5626720
41,033,361500,41033361500,3615,Census Tract 3615,G5020,S,715946722,558096,+42.3143671,-123.6676376
41,033,360900,41033360900,3609,Census Tract 3609,G5020,S,655812527,1118914,+42.4635032,-123.7080812
41,033,361200,41033361200,3612,Census Tract 3612,G5020,S,6420087,135271,+42.4189713,-123.3229860
41,033,361300,41033361300,3613,Census Tract 3613,G5020,S,111499736,200837,+42.3725330,-123.2627988
41,033,360702,41033360702,3607.02,Census Tract 3607.02,G5020,S,4523121,315161,+42.4286939,-123.3326591
41,033,360300,41033360300,3603,Census Tract 3603,G5020,S,87830858,222580,+42.5504316,-123.4310720
41,033,360701,41033360701,3607.01,Census Tract 3607.01,G5020,S,3391056,0,+42.4382130,-123.3360615
41,033,361100,41033361100,3611,Census Tract 3611,G5020,S,12989226,178420,+42.4211528,-123.3850885
41,033,361000,41033361000,3610,Census Tract 3610,G5020,S,48271441,452189,+42.3905727,-123.4071889
41,033,360800,41033360800,3608,Census Tract 3608,G5020,S,77435532,1044599,+42.4651927,-123.4340451
41,033,360600,41033360600,3606,Census Tract 3606,G5020,S,14726441,0,+42.4624161,-123.3477798
41,033,360500,41033360500,3605,Census Tract 3605,G5020,S,5230588,0,+42.4418629,-123.3083591
