GEO_ID,State_FIPS,State,County_FIPS,County,Tract_FIPS_6Digit,Tract_FIPS_Name
1400000US41001950100,41,OR,001,Baker ,950100,9501
1400000US41001950200,41,OR,001,Baker ,950200,9502
1400000US41001950300,41,OR,001,Baker ,950300,9503
1400000US41001950400,41,OR,001,Baker ,950400,9504
1400000US41001950500,41,OR,001,Baker ,950500,9505
1400000US41001950600,41,OR,001,Baker ,950600,9506
1400000US41003000100,41,OR,003,Benton ,000100,1
1400000US41003000202,41,OR,003,Benton ,000202,2.02
1400000US41003000400,41,OR,003,Benton ,000400,4
1400000US41003000500,41,OR,003,Benton ,000500,5
1400000US41003000600,41,OR,003,Benton ,000600,6
1400000US41003000900,41,OR,003,Benton ,000900,9
1400000US41003001001,41,OR,003,Benton ,001001,10.01
1400000US41003001002,41,OR,003,Benton ,001002,10.02
1400000US41003001101,41,OR,003,Benton ,001101,11.01
1400000US41003001102,41,OR,003,Benton ,001102,11.02
1400000US41003010100,41,OR,003,Benton ,010100,101
1400000US41003010200,41,OR,003,Benton ,010200,102
1400000US41003010300,41,OR,003,Benton ,010300,103
1400000US41003010400,41,OR,003,Benton ,010400,104
1400000US41003010600,41,OR,003,Benton ,010600,106
1400000US41003010702,41,OR,003,Benton ,010702,107.02
1400000US41003010800,41,OR,003,Benton ,010800,108
1400000US41003010900,41,OR,003,Benton ,010900,109
1400000US41005020100,41,OR,005,Clackamas ,020100,201
1400000US41005020200,41,OR,005,Clackamas ,020200,202
1400000US41005020302,41,OR,005,Clackamas ,020302,203.02
1400000US41005020303,41,OR,005,Clackamas ,020303,203.03
1400000US41005020304,41,OR,005,Clackamas ,020304,203.04
1400000US41005020401,41,OR,005,Clackamas ,020401,204.01
1400000US41005020403,41,OR,005,Clackamas ,020403,204.03
1400000US41005020404,41,OR,005,Clackamas ,020404,204.04
1400000US41005020501,41,OR,005,Clackamas ,020501,205.01
1400000US41005020503,41,OR,005,Clackamas ,020503,205.03
1400000US41005020504,41,OR,005,Clackamas ,020504,205.04
1400000US41005020505,41,OR,005,Clackamas ,020505,205.05
1400000US41005020600,41,OR,005,Clackamas ,020600,206
1400000US41005020700,41,OR,005,Clackamas ,020700,207
1400000US41005020800,41,OR,005,Clackamas ,020800,208
1400000US41005020900,41,OR,005,Clackamas ,020900,209
1400000US41005021000,41,OR,005,Clackamas ,021000,210
1400000US41005021100,41,OR,005,Clackamas ,021100,211
1400000US41005021200,41,OR,005,Clackamas ,021200,212
1400000US41005021300,41,OR,005,Clackamas ,021300,213
1400000US41005021400,41,OR,005,Clackamas ,021400,214
1400000US41005021500,41,OR,005,Clackamas ,021500,215
1400000US41005021601,41,OR,005,Clackamas ,021601,216.01
1400000US41005021602,41,OR,005,Clackamas ,021602,216.02
1400000US41005021700,41,OR,005,Clackamas ,021700,217
1400000US41005021801,41,OR,005,Clackamas ,021801,218.01
1400000US41005021802,41,OR,005,Clackamas ,021802,218.02
1400000US41005021900,41,OR,005,Clackamas ,021900,219
1400000US41005022000,41,OR,005,Clackamas ,022000,220
1400000US41005022101,41,OR,005,Clackamas ,022101,221.01
1400000US41005022103,41,OR,005,Clackamas ,022103,221.03
1400000US41005022105,41,OR,005,Clackamas ,022105,221.05
1400000US41005022107,41,OR,005,Clackamas ,022107,221.07
1400000US41005022108,41,OR,005,Clackamas ,022108,221.08
1400000US41005022201,41,OR,005,Clackamas ,022201,222.01
1400000US41005022205,41,OR,005,Clackamas ,022205,222.05
1400000US41005022206,41,OR,005,Clackamas ,022206,222.06
1400000US41005022207,41,OR,005,Clackamas ,022207,222.07
1400000US41005022208,41,OR,005,Clackamas ,022208,222.08
1400000US41005022301,41,OR,005,Clackamas ,022301,223.01
1400000US41005022302,41,OR,005,Clackamas ,022302,223.02
1400000US41005022400,41,OR,005,Clackamas ,022400,224
1400000US41005022500,41,OR,005,Clackamas ,022500,225
1400000US41005022602,41,OR,005,Clackamas ,022602,226.02
1400000US41005022603,41,OR,005,Clackamas ,022603,226.03
1400000US41005022605,41,OR,005,Clackamas ,022605,226.05
1400000US41005022606,41,OR,005,Clackamas ,022606,226.06
1400000US41005022702,41,OR,005,Clackamas ,022702,227.02
1400000US41005022707,41,OR,005,Clackamas ,022707,227.07
1400000US41005022708,41,OR,005,Clackamas ,022708,227.08
1400000US41005022710,41,OR,005,Clackamas ,022710,227.10
1400000US41005022800,41,OR,005,Clackamas ,022800,228
1400000US41005022901,41,OR,005,Clackamas ,022901,229.01
1400000US41005022904,41,OR,005,Clackamas ,022904,229.04
1400000US41005022905,41,OR,005,Clackamas ,022905,229.05
1400000US41005022906,41,OR,005,Clackamas ,022906,229.06
1400000US41005022907,41,OR,005,Clackamas ,022907,229.07
1400000US41005023001,41,OR,005,Clackamas ,023001,230.01
1400000US41005023002,41,OR,005,Clackamas ,023002,230.02
1400000US41005023100,41,OR,005,Clackamas ,023100,231
1400000US41005023201,41,OR,005,Clackamas ,023201,232.01
1400000US41005023202,41,OR,005,Clackamas ,023202,232.02
1400000US41005023300,41,OR,005,Clackamas ,023300,233
1400000US41005023401,41,OR,005,Clackamas ,023401,234.01
1400000US41005023403,41,OR,005,Clackamas ,023403,234.03
1400000US41005023404,41,OR,005,Clackamas ,023404,234.04
1400000US41005023500,41,OR,005,Clackamas ,023500,235
1400000US41005023600,41,OR,005,Clackamas ,023600,236
1400000US41005023700,41,OR,005,Clackamas ,023700,237
1400000US41005023800,41,OR,005,Clackamas ,023800,238
1400000US41005023901,41,OR,005,Clackamas ,023901,239.01
1400000US41005023902,41,OR,005,Clackamas ,023902,239.02
1400000US41005024000,41,OR,005,Clackamas ,024000,240
1400000US41005024100,41,OR,005,Clackamas ,024100,241
1400000US41005024200,41,OR,005,Clackamas ,024200,242
1400000US41005024302,41,OR,005,Clackamas ,024302,243.02
1400000US41005024303,41,OR,005,Clackamas ,024303,243.03
1400000US41005024304,41,OR,005,Clackamas ,024304,243.04
1400000US41005024400,41,OR,005,Clackamas ,024400,244
1400000US41005980000,41,OR,005,Clackamas ,980000,9800
1400000US41007950100,41,OR,007,Clatsop ,950100,9501
1400000US41007950200,41,OR,007,Clatsop ,950200,9502
1400000US41007950300,41,OR,007,Clatsop ,950300,9503
1400000US41007950400,41,OR,007,Clatsop ,950400,9504
1400000US41007950500,41,OR,007,Clatsop ,950500,9505
1400000US41007950600,41,OR,007,Clatsop ,950600,9506
1400000US41007950700,41,OR,007,Clatsop ,950700,9507
1400000US41007950900,41,OR,007,Clatsop ,950900,9509
1400000US41007951100,41,OR,007,Clatsop ,951100,9511
1400000US41007951200,41,OR,007,Clatsop ,951200,9512
1400000US41007951300,41,OR,007,Clatsop ,951300,9513
1400000US41007990000,41,OR,007,Clatsop ,990000,9900
1400000US41009970200,41,OR,009,Columbia ,970200,9702
1400000US41009970300,41,OR,009,Columbia ,970300,9703
1400000US41009970400,41,OR,009,Columbia ,970400,9704
1400000US41009970500,41,OR,009,Columbia ,970500,9705
1400000US41009970600,41,OR,009,Columbia ,970600,9706
1400000US41009970700,41,OR,009,Columbia ,970700,9707
1400000US41009970800,41,OR,009,Columbia ,970800,9708
1400000US41009970900,41,OR,009,Columbia ,970900,9709
1400000US41009971000,41,OR,009,Columbia ,971000,9710
1400000US41009971100,41,OR,009,Columbia ,971100,9711
1400000US41011000100,41,OR,011,Coos ,000100,1
1400000US41011000200,41,OR,011,Coos ,000200,2
1400000US41011000300,41,OR,011,Coos ,000300,3
1400000US41011000400,41,OR,011,Coos ,000400,4
1400000US41011000502,41,OR,011,Coos ,000502,5.02
1400000US41011000503,41,OR,011,Coos ,000503,5.03
1400000US41011000504,41,OR,011,Coos ,000504,5.04
1400000US41011000600,41,OR,011,Coos ,000600,6
1400000US41011000700,41,OR,011,Coos ,000700,7
1400000US41011000800,41,OR,011,Coos ,000800,8
1400000US41011000900,41,OR,011,Coos ,000900,9
1400000US41011001000,41,OR,011,Coos ,001000,10
1400000US41011001100,41,OR,011,Coos ,001100,11
1400000US41011990101,41,OR,011,Coos ,990101,9901.01
1400000US41013950100,41,OR,013,Crook ,950100,9501
1400000US41013950200,41,OR,013,Crook ,950200,9502
1400000US41013950300,41,OR,013,Crook ,950300,9503
1400000US41013950400,41,OR,013,Crook ,950400,9504
1400000US41015950100,41,OR,015,Curry ,950100,9501
1400000US41015950200,41,OR,015,Curry ,950200,9502
1400000US41015950301,41,OR,015,Curry ,950301,9503.01
1400000US41015950302,41,OR,015,Curry ,950302,9503.02
1400000US41015950400,41,OR,015,Curry ,950400,9504
1400000US41015990101,41,OR,015,Curry ,990101,9901.01
1400000US41017000100,41,OR,017,Deschutes ,000100,1
1400000US41017000200,41,OR,017,Deschutes ,000200,2
1400000US41017000300,41,OR,017,Deschutes ,000300,3
1400000US41017000401,41,OR,017,Deschutes ,000401,4.01
1400000US41017000402,41,OR,017,Deschutes ,000402,4.02
1400000US41017000500,41,OR,017,Deschutes ,000500,5
1400000US41017000600,41,OR,017,Deschutes ,000600,6
1400000US41017000700,41,OR,017,Deschutes ,000700,7
1400000US41017000800,41,OR,017,Deschutes ,000800,8
1400000US41017000900,41,OR,017,Deschutes ,000900,9
1400000US41017001001,41,OR,017,Deschutes ,001001,10.01
1400000US41017001002,41,OR,017,Deschutes ,001002,10.02
1400000US41017001100,41,OR,017,Deschutes ,001100,11
1400000US41017001200,41,OR,017,Deschutes ,001200,12
1400000US41017001300,41,OR,017,Deschutes ,001300,13
1400000US41017001400,41,OR,017,Deschutes ,001400,14
1400000US41017001500,41,OR,017,Deschutes ,001500,15
1400000US41017001600,41,OR,017,Deschutes ,001600,16
1400000US41017001700,41,OR,017,Deschutes ,001700,17
1400000US41017001800,41,OR,017,Deschutes ,001800,18
1400000US41017001901,41,OR,017,Deschutes ,001901,19.01
1400000US41017001902,41,OR,017,Deschutes ,001902,19.02
1400000US41017002000,41,OR,017,Deschutes ,002000,20
1400000US41017002100,41,OR,017,Deschutes ,002100,21
1400000US41019010000,41,OR,019,Douglas ,010000,100
1400000US41019020000,41,OR,019,Douglas ,020000,200
1400000US41019030000,41,OR,019,Douglas ,030000,300
1400000US41019040000,41,OR,019,Douglas ,040000,400
1400000US41019050001,41,OR,019,Douglas ,050001,500.01
1400000US41019050002,41,OR,019,Douglas ,050002,500.02
1400000US41019060000,41,OR,019,Douglas ,060000,600
1400000US41019070000,41,OR,019,Douglas ,070000,700
1400000US41019080000,41,OR,019,Douglas ,080000,800
1400000US41019090000,41,OR,019,Douglas ,090000,900
1400000US41019100000,41,OR,019,Douglas ,100000,1000
1400000US41019110000,41,OR,019,Douglas ,110000,1100
1400000US41019120000,41,OR,019,Douglas ,120000,1200
1400000US41019130000,41,OR,019,Douglas ,130000,1300
1400000US41019140000,41,OR,019,Douglas ,140000,1400
1400000US41019150000,41,OR,019,Douglas ,150000,1500
1400000US41019160000,41,OR,019,Douglas ,160000,1600
1400000US41019170000,41,OR,019,Douglas ,170000,1700
1400000US41019180000,41,OR,019,Douglas ,180000,1800
1400000US41019190000,41,OR,019,Douglas ,190000,1900
1400000US41019200000,41,OR,019,Douglas ,200000,2000
1400000US41019210000,41,OR,019,Douglas ,210000,2100
1400000US41019990000,41,OR,019,Douglas ,990000,9900
1400000US41021960100,41,OR,021,Gilliam ,960100,9601
1400000US41023960100,41,OR,023,Grant ,960100,9601
1400000US41023960200,41,OR,023,Grant ,960200,9602
1400000US41025960100,41,OR,025,Harney ,960100,9601
1400000US41025960200,41,OR,025,Harney ,960200,9602
1400000US41027950100,41,OR,027,Hood River ,950100,9501
1400000US41027950200,41,OR,027,Hood River ,950200,9502
1400000US41027950300,41,OR,027,Hood River ,950300,9503
1400000US41027950400,41,OR,027,Hood River ,950400,9504
1400000US41029000100,41,OR,029,Jackson ,000100,1
1400000US41029000201,41,OR,029,Jackson ,000201,2.01
1400000US41029000202,41,OR,029,Jackson ,000202,2.02
1400000US41029000203,41,OR,029,Jackson ,000203,2.03
1400000US41029000300,41,OR,029,Jackson ,000300,3
1400000US41029000403,41,OR,029,Jackson ,000403,4.03
1400000US41029000404,41,OR,029,Jackson ,000404,4.04
1400000US41029000405,41,OR,029,Jackson ,000405,4.05
1400000US41029000406,41,OR,029,Jackson ,000406,4.06
1400000US41029000501,41,OR,029,Jackson ,000501,5.01
1400000US41029000502,41,OR,029,Jackson ,000502,5.02
1400000US41029000601,41,OR,029,Jackson ,000601,6.01
1400000US41029000602,41,OR,029,Jackson ,000602,6.02
1400000US41029000700,41,OR,029,Jackson ,000700,7
1400000US41029000800,41,OR,029,Jackson ,000800,8
1400000US41029000900,41,OR,029,Jackson ,000900,9
1400000US41029001001,41,OR,029,Jackson ,001001,10.01
1400000US41029001002,41,OR,029,Jackson ,001002,10.02
1400000US41029001100,41,OR,029,Jackson ,001100,11
1400000US41029001200,41,OR,029,Jackson ,001200,12
1400000US41029001301,41,OR,029,Jackson ,001301,13.01
1400000US41029001302,41,OR,029,Jackson ,001302,13.02
1400000US41029001400,41,OR,029,Jackson ,001400,14
1400000US41029001500,41,OR,029,Jackson ,001500,15
1400000US41029001601,41,OR,029,Jackson ,001601,16.01
1400000US41029001602,41,OR,029,Jackson ,001602,16.02
1400000US41029001700,41,OR,029,Jackson ,001700,17
1400000US41029001800,41,OR,029,Jackson ,001800,18
1400000US41029001900,41,OR,029,Jackson ,001900,19
1400000US41029002000,41,OR,029,Jackson ,002000,20
1400000US41029002100,41,OR,029,Jackson ,002100,21
1400000US41029002200,41,OR,029,Jackson ,002200,22
1400000US41029002300,41,OR,029,Jackson ,002300,23
1400000US41029002400,41,OR,029,Jackson ,002400,24
1400000US41029002500,41,OR,029,Jackson ,002500,25
1400000US41029002600,41,OR,029,Jackson ,002600,26
1400000US41029002700,41,OR,029,Jackson ,002700,27
1400000US41029002800,41,OR,029,Jackson ,002800,28
1400000US41029002900,41,OR,029,Jackson ,002900,29
1400000US41029003001,41,OR,029,Jackson ,003001,30.01
1400000US41029003002,41,OR,029,Jackson ,003002,30.02
1400000US41031940000,41,OR,031,Jefferson ,940000,9400
1400000US41031960100,41,OR,031,Jefferson ,960100,9601
1400000US41031960201,41,OR,031,Jefferson ,960201,9602.01
1400000US41031960202,41,OR,031,Jefferson ,960202,9602.02
1400000US41031960301,41,OR,031,Jefferson ,960301,9603.01
1400000US41031960302,41,OR,031,Jefferson ,960302,9603.02
1400000US41033360100,41,OR,033,Josephine ,360100,3601
1400000US41033360300,41,OR,033,Josephine ,360300,3603
1400000US41033360400,41,OR,033,Josephine ,360400,3604
1400000US41033360500,41,OR,033,Josephine ,360500,3605
1400000US41033360600,41,OR,033,Josephine ,360600,3606
1400000US41033360701,41,OR,033,Josephine ,360701,3607.01
1400000US41033360702,41,OR,033,Josephine ,360702,3607.02
1400000US41033360800,41,OR,033,Josephine ,360800,3608
1400000US41033360900,41,OR,033,Josephine ,360900,3609
1400000US41033361000,41,OR,033,Josephine ,361000,3610
1400000US41033361100,41,OR,033,Josephine ,361100,3611
1400000US41033361200,41,OR,033,Josephine ,361200,3612
1400000US41033361300,41,OR,033,Josephine ,361300,3613
1400000US41033361400,41,OR,033,Josephine ,361400,3614
1400000US41033361500,41,OR,033,Josephine ,361500,3615
1400000US41033361600,41,OR,033,Josephine ,361600,3616
1400000US41035970100,41,OR,035,Klamath ,970100,9701
1400000US41035970200,41,OR,035,Klamath ,970200,9702
1400000US41035970300,41,OR,035,Klamath ,970300,9703
1400000US41035970400,41,OR,035,Klamath ,970400,9704
1400000US41035970500,41,OR,035,Klamath ,970500,9705
1400000US41035970600,41,OR,035,Klamath ,970600,9706
1400000US41035970700,41,OR,035,Klamath ,970700,9707
1400000US41035970800,41,OR,035,Klamath ,970800,9708
1400000US41035970900,41,OR,035,Klamath ,970900,9709
1400000US41035971000,41,OR,035,Klamath ,971000,9710
1400000US41035971100,41,OR,035,Klamath ,971100,9711
1400000US41035971200,41,OR,035,Klamath ,971200,9712
1400000US41035971300,41,OR,035,Klamath ,971300,9713
1400000US41035971400,41,OR,035,Klamath ,971400,9714
1400000US41035971500,41,OR,035,Klamath ,971500,9715
1400000US41035971600,41,OR,035,Klamath ,971600,9716
1400000US41035971700,41,OR,035,Klamath ,971700,9717
1400000US41035971800,41,OR,035,Klamath ,971800,9718
1400000US41035971900,41,OR,035,Klamath ,971900,9719
1400000US41035972000,41,OR,035,Klamath ,972000,9720
1400000US41037960100,41,OR,037,Lake ,960100,9601
1400000US41037960200,41,OR,037,Lake ,960200,9602
1400000US41039000100,41,OR,039,Lane ,000100,1
1400000US41039000200,41,OR,039,Lane ,000200,2
1400000US41039000300,41,OR,039,Lane ,000300,3
1400000US41039000402,41,OR,039,Lane ,000402,4.02
1400000US41039000403,41,OR,039,Lane ,000403,4.03
1400000US41039000404,41,OR,039,Lane ,000404,4.04
1400000US41039000500,41,OR,039,Lane ,000500,5
1400000US41039000702,41,OR,039,Lane ,000702,7.02
1400000US41039000705,41,OR,039,Lane ,000705,7.05
1400000US41039000706,41,OR,039,Lane ,000706,7.06
1400000US41039000707,41,OR,039,Lane ,000707,7.07
1400000US41039000708,41,OR,039,Lane ,000708,7.08
1400000US41039000800,41,OR,039,Lane ,000800,8
1400000US41039000902,41,OR,039,Lane ,000902,9.02
1400000US41039000903,41,OR,039,Lane ,000903,9.03
1400000US41039000904,41,OR,039,Lane ,000904,9.04
1400000US41039001001,41,OR,039,Lane ,001001,10.01
1400000US41039001002,41,OR,039,Lane ,001002,10.02
1400000US41039001101,41,OR,039,Lane ,001101,11.01
1400000US41039001102,41,OR,039,Lane ,001102,11.02
1400000US41039001201,41,OR,039,Lane ,001201,12.01
1400000US41039001202,41,OR,039,Lane ,001202,12.02
1400000US41039001301,41,OR,039,Lane ,001301,13.01
1400000US41039001302,41,OR,039,Lane ,001302,13.02
1400000US41039001400,41,OR,039,Lane ,001400,14
1400000US41039001500,41,OR,039,Lane ,001500,15
1400000US41039001600,41,OR,039,Lane ,001600,16
1400000US41039001700,41,OR,039,Lane ,001700,17
1400000US41039001801,41,OR,039,Lane ,001801,18.01
1400000US41039001803,41,OR,039,Lane ,001803,18.03
1400000US41039001804,41,OR,039,Lane ,001804,18.04
1400000US41039001902,41,OR,039,Lane ,001902,19.02
1400000US41039001903,41,OR,039,Lane ,001903,19.03
1400000US41039001904,41,OR,039,Lane ,001904,19.04
1400000US41039002001,41,OR,039,Lane ,002001,20.01
1400000US41039002002,41,OR,039,Lane ,002002,20.02
1400000US41039002101,41,OR,039,Lane ,002101,21.01
1400000US41039002102,41,OR,039,Lane ,002102,21.02
1400000US41039002201,41,OR,039,Lane ,002201,22.01
1400000US41039002202,41,OR,039,Lane ,002202,22.02
1400000US41039002301,41,OR,039,Lane ,002301,23.01
1400000US41039002302,41,OR,039,Lane ,002302,23.02
1400000US41039002401,41,OR,039,Lane ,002401,24.01
1400000US41039002403,41,OR,039,Lane ,002403,24.03
1400000US41039002404,41,OR,039,Lane ,002404,24.04
1400000US41039002501,41,OR,039,Lane ,002501,25.01
1400000US41039002503,41,OR,039,Lane ,002503,25.03
1400000US41039002504,41,OR,039,Lane ,002504,25.04
1400000US41039002600,41,OR,039,Lane ,002600,26
1400000US41039002700,41,OR,039,Lane ,002700,27
1400000US41039002800,41,OR,039,Lane ,002800,28
1400000US41039002902,41,OR,039,Lane ,002902,29.02
1400000US41039002903,41,OR,039,Lane ,002903,29.03
1400000US41039002904,41,OR,039,Lane ,002904,29.04
1400000US41039003000,41,OR,039,Lane ,003000,30
1400000US41039003101,41,OR,039,Lane ,003101,31.01
1400000US41039003102,41,OR,039,Lane ,003102,31.02
1400000US41039003201,41,OR,039,Lane ,003201,32.01
1400000US41039003202,41,OR,039,Lane ,003202,32.02
1400000US41039003301,41,OR,039,Lane ,003301,33.01
1400000US41039003302,41,OR,039,Lane ,003302,33.02
1400000US41039003400,41,OR,039,Lane ,003400,34
1400000US41039003500,41,OR,039,Lane ,003500,35
1400000US41039003600,41,OR,039,Lane ,003600,36
1400000US41039003700,41,OR,039,Lane ,003700,37
1400000US41039003800,41,OR,039,Lane ,003800,38
1400000US41039003900,41,OR,039,Lane ,003900,39
1400000US41039004000,41,OR,039,Lane ,004000,40
1400000US41039004100,41,OR,039,Lane ,004100,41
1400000US41039004200,41,OR,039,Lane ,004200,42
1400000US41039004300,41,OR,039,Lane ,004300,43
1400000US41039004401,41,OR,039,Lane ,004401,44.01
1400000US41039004403,41,OR,039,Lane ,004403,44.03
1400000US41039004404,41,OR,039,Lane ,004404,44.04
1400000US41039004405,41,OR,039,Lane ,004405,44.05
1400000US41039004501,41,OR,039,Lane ,004501,45.01
1400000US41039004502,41,OR,039,Lane ,004502,45.02
1400000US41039004600,41,OR,039,Lane ,004600,46
1400000US41039004700,41,OR,039,Lane ,004700,47
1400000US41039004800,41,OR,039,Lane ,004800,48
1400000US41039004900,41,OR,039,Lane ,004900,49
1400000US41039005000,41,OR,039,Lane ,005000,50
1400000US41039005100,41,OR,039,Lane ,005100,51
1400000US41039005200,41,OR,039,Lane ,005200,52
1400000US41039005300,41,OR,039,Lane ,005300,53
1400000US41039005400,41,OR,039,Lane ,005400,54
1400000US41039990000,41,OR,039,Lane ,990000,9900
1400000US41041950100,41,OR,041,Lincoln ,950100,9501
1400000US41041950303,41,OR,041,Lincoln ,950303,9503.03
1400000US41041950304,41,OR,041,Lincoln ,950304,9503.04
1400000US41041950400,41,OR,041,Lincoln ,950400,9504
1400000US41041950601,41,OR,041,Lincoln ,950601,9506.01
1400000US41041950602,41,OR,041,Lincoln ,950602,9506.02
1400000US41041950800,41,OR,041,Lincoln ,950800,9508
1400000US41041950900,41,OR,041,Lincoln ,950900,9509
1400000US41041951000,41,OR,041,Lincoln ,951000,9510
1400000US41041951100,41,OR,041,Lincoln ,951100,9511
1400000US41041951200,41,OR,041,Lincoln ,951200,9512
1400000US41041951300,41,OR,041,Lincoln ,951300,9513
1400000US41041951400,41,OR,041,Lincoln ,951400,9514
1400000US41041951500,41,OR,041,Lincoln ,951500,9515
1400000US41041951600,41,OR,041,Lincoln ,951600,9516
1400000US41041951700,41,OR,041,Lincoln ,951700,9517
1400000US41041951800,41,OR,041,Lincoln ,951800,9518
1400000US41041990100,41,OR,041,Lincoln ,990100,9901
1400000US41043020100,41,OR,043,Linn ,020100,201
1400000US41043020200,41,OR,043,Linn ,020200,202
1400000US41043020300,41,OR,043,Linn ,020300,203
1400000US41043020400,41,OR,043,Linn ,020400,204
1400000US41043020500,41,OR,043,Linn ,020500,205
1400000US41043020600,41,OR,043,Linn ,020600,206
1400000US41043020700,41,OR,043,Linn ,020700,207
1400000US41043020801,41,OR,043,Linn ,020801,208.01
1400000US41043020802,41,OR,043,Linn ,020802,208.02
1400000US41043030100,41,OR,043,Linn ,030100,301
1400000US41043030200,41,OR,043,Linn ,030200,302
1400000US41043030300,41,OR,043,Linn ,030300,303
1400000US41043030401,41,OR,043,Linn ,030401,304.01
1400000US41043030402,41,OR,043,Linn ,030402,304.02
1400000US41043030500,41,OR,043,Linn ,030500,305
1400000US41043030600,41,OR,043,Linn ,030600,306
1400000US41043030700,41,OR,043,Linn ,030700,307
1400000US41043030800,41,OR,043,Linn ,030800,308
1400000US41043030902,41,OR,043,Linn ,030902,309.02
1400000US41043030903,41,OR,043,Linn ,030903,309.03
1400000US41043030904,41,OR,043,Linn ,030904,309.04
1400000US41045940000,41,OR,045,Malheur ,940000,9400
1400000US41045970200,41,OR,045,Malheur ,970200,9702
1400000US41045970300,41,OR,045,Malheur ,970300,9703
1400000US41045970400,41,OR,045,Malheur ,970400,9704
1400000US41045970500,41,OR,045,Malheur ,970500,9705
1400000US41045970600,41,OR,045,Malheur ,970600,9706
1400000US41045970700,41,OR,045,Malheur ,970700,9707
1400000US41045970900,41,OR,045,Malheur ,970900,9709
1400000US41047000200,41,OR,047,Marion ,000200,2
1400000US41047000300,41,OR,047,Marion ,000300,3
1400000US41047000400,41,OR,047,Marion ,000400,4
1400000US41047000501,41,OR,047,Marion ,000501,5.01
1400000US41047000502,41,OR,047,Marion ,000502,5.02
1400000US41047000600,41,OR,047,Marion ,000600,6
1400000US41047000701,41,OR,047,Marion ,000701,7.01
1400000US41047000900,41,OR,047,Marion ,000900,9
1400000US41047001000,41,OR,047,Marion ,001000,10
1400000US41047001100,41,OR,047,Marion ,001100,11
1400000US41047001200,41,OR,047,Marion ,001200,12
1400000US41047001300,41,OR,047,Marion ,001300,13
1400000US41047001401,41,OR,047,Marion ,001401,14.01
1400000US41047001402,41,OR,047,Marion ,001402,14.02
1400000US41047001501,41,OR,047,Marion ,001501,15.01
1400000US41047001502,41,OR,047,Marion ,001502,15.02
1400000US41047001503,41,OR,047,Marion ,001503,15.03
1400000US41047001601,41,OR,047,Marion ,001601,16.01
1400000US41047001602,41,OR,047,Marion ,001602,16.02
1400000US41047001603,41,OR,047,Marion ,001603,16.03
1400000US41047001604,41,OR,047,Marion ,001604,16.04
1400000US41047001701,41,OR,047,Marion ,001701,17.01
1400000US41047001702,41,OR,047,Marion ,001702,17.02
1400000US41047001703,41,OR,047,Marion ,001703,17.03
1400000US41047001801,41,OR,047,Marion ,001801,18.01
1400000US41047001802,41,OR,047,Marion ,001802,18.02
1400000US41047001803,41,OR,047,Marion ,001803,18.03
1400000US41047002000,41,OR,047,Marion ,002000,20
1400000US41047002101,41,OR,047,Marion ,002101,21.01
1400000US41047002102,41,OR,047,Marion ,002102,21.02
1400000US41047002201,41,OR,047,Marion ,002201,22.01
1400000US41047002202,41,OR,047,Marion ,002202,22.02
1400000US41047002301,41,OR,047,Marion ,002301,23.01
1400000US41047002303,41,OR,047,Marion ,002303,23.03
1400000US41047002304,41,OR,047,Marion ,002304,23.04
1400000US41047002400,41,OR,047,Marion ,002400,24
1400000US41047002501,41,OR,047,Marion ,002501,25.01
1400000US41047002502,41,OR,047,Marion ,002502,25.02
1400000US41047002600,41,OR,047,Marion ,002600,26
1400000US41047002700,41,OR,047,Marion ,002700,27
1400000US41047002800,41,OR,047,Marion ,002800,28
1400000US41047010100,41,OR,047,Marion ,010100,101
1400000US41047010201,41,OR,047,Marion ,010201,102.01
1400000US41047010202,41,OR,047,Marion ,010202,102.02
1400000US41047010303,41,OR,047,Marion ,010303,103.03
1400000US41047010304,41,OR,047,Marion ,010304,103.04
1400000US41047010305,41,OR,047,Marion ,010305,103.05
1400000US41047010306,41,OR,047,Marion ,010306,103.06
1400000US41047010307,41,OR,047,Marion ,010307,103.07
1400000US41047010400,41,OR,047,Marion ,010400,104
1400000US41047010501,41,OR,047,Marion ,010501,105.01
1400000US41047010502,41,OR,047,Marion ,010502,105.02
1400000US41047010503,41,OR,047,Marion ,010503,105.03
1400000US41047010600,41,OR,047,Marion ,010600,106
1400000US41047010701,41,OR,047,Marion ,010701,107.01
1400000US41047010702,41,OR,047,Marion ,010702,107.02
1400000US41047010801,41,OR,047,Marion ,010801,108.01
1400000US41047010802,41,OR,047,Marion ,010802,108.02
1400000US41049970100,41,OR,049,Morrow ,970100,9701
1400000US41049970200,41,OR,049,Morrow ,970200,9702
1400000US41051000100,41,OR,051,Multnomah ,000100,1
1400000US41051000200,41,OR,051,Multnomah ,000200,2
1400000US41051000301,41,OR,051,Multnomah ,000301,3.01
1400000US41051000302,41,OR,051,Multnomah ,000302,3.02
1400000US41051000401,41,OR,051,Multnomah ,000401,4.01
1400000US41051000402,41,OR,051,Multnomah ,000402,4.02
1400000US41051000501,41,OR,051,Multnomah ,000501,5.01
1400000US41051000502,41,OR,051,Multnomah ,000502,5.02
1400000US41051000601,41,OR,051,Multnomah ,000601,6.01
1400000US41051000602,41,OR,051,Multnomah ,000602,6.02
1400000US41051000701,41,OR,051,Multnomah ,000701,7.01
1400000US41051000702,41,OR,051,Multnomah ,000702,7.02
1400000US41051000801,41,OR,051,Multnomah ,000801,8.01
1400000US41051000802,41,OR,051,Multnomah ,000802,8.02
1400000US41051000901,41,OR,051,Multnomah ,000901,9.01
1400000US41051000902,41,OR,051,Multnomah ,000902,9.02
1400000US41051001000,41,OR,051,Multnomah ,001000,10
1400000US41051001101,41,OR,051,Multnomah ,001101,11.01
1400000US41051001102,41,OR,051,Multnomah ,001102,11.02
1400000US41051001201,41,OR,051,Multnomah ,001201,12.01
1400000US41051001202,41,OR,051,Multnomah ,001202,12.02
1400000US41051001301,41,OR,051,Multnomah ,001301,13.01
1400000US41051001302,41,OR,051,Multnomah ,001302,13.02
1400000US41051001400,41,OR,051,Multnomah ,001400,14
1400000US41051001500,41,OR,051,Multnomah ,001500,15
1400000US41051001601,41,OR,051,Multnomah ,001601,16.01
1400000US41051001602,41,OR,051,Multnomah ,001602,16.02
1400000US41051001701,41,OR,051,Multnomah ,001701,17.01
1400000US41051001702,41,OR,051,Multnomah ,001702,17.02
1400000US41051001801,41,OR,051,Multnomah ,001801,18.01
1400000US41051001802,41,OR,051,Multnomah ,001802,18.02
1400000US41051001900,41,OR,051,Multnomah ,001900,19
1400000US41051002000,41,OR,051,Multnomah ,002000,20
1400000US41051002100,41,OR,051,Multnomah ,002100,21
1400000US41051002203,41,OR,051,Multnomah ,002203,22.03
1400000US41051002303,41,OR,051,Multnomah ,002303,23.03
1400000US41051002401,41,OR,051,Multnomah ,002401,24.01
1400000US41051002402,41,OR,051,Multnomah ,002402,24.02
1400000US41051002501,41,OR,051,Multnomah ,002501,25.01
1400000US41051002502,41,OR,051,Multnomah ,002502,25.02
1400000US41051002600,41,OR,051,Multnomah ,002600,26
1400000US41051002701,41,OR,051,Multnomah ,002701,27.01
1400000US41051002702,41,OR,051,Multnomah ,002702,27.02
1400000US41051002801,41,OR,051,Multnomah ,002801,28.01
1400000US41051002802,41,OR,051,Multnomah ,002802,28.02
1400000US41051002901,41,OR,051,Multnomah ,002901,29.01
1400000US41051002902,41,OR,051,Multnomah ,002902,29.02
1400000US41051002903,41,OR,051,Multnomah ,002903,29.03
1400000US41051003000,41,OR,051,Multnomah ,003000,30
1400000US41051003100,41,OR,051,Multnomah ,003100,31
1400000US41051003200,41,OR,051,Multnomah ,003200,32
1400000US41051003301,41,OR,051,Multnomah ,003301,33.01
1400000US41051003302,41,OR,051,Multnomah ,003302,33.02
1400000US41051003401,41,OR,051,Multnomah ,003401,34.01
1400000US41051003402,41,OR,051,Multnomah ,003402,34.02
1400000US41051003501,41,OR,051,Multnomah ,003501,35.01
1400000US41051003502,41,OR,051,Multnomah ,003502,35.02
1400000US41051003601,41,OR,051,Multnomah ,003601,36.01
1400000US41051003602,41,OR,051,Multnomah ,003602,36.02
1400000US41051003603,41,OR,051,Multnomah ,003603,36.03
1400000US41051003701,41,OR,051,Multnomah ,003701,37.01
1400000US41051003702,41,OR,051,Multnomah ,003702,37.02
1400000US41051003801,41,OR,051,Multnomah ,003801,38.01
1400000US41051003802,41,OR,051,Multnomah ,003802,38.02
1400000US41051003803,41,OR,051,Multnomah ,003803,38.03
1400000US41051003901,41,OR,051,Multnomah ,003901,39.01
1400000US41051003902,41,OR,051,Multnomah ,003902,39.02
1400000US41051004001,41,OR,051,Multnomah ,004001,40.01
1400000US41051004002,41,OR,051,Multnomah ,004002,40.02
1400000US41051004101,41,OR,051,Multnomah ,004101,41.01
1400000US41051004102,41,OR,051,Multnomah ,004102,41.02
1400000US41051004200,41,OR,051,Multnomah ,004200,42
1400000US41051004300,41,OR,051,Multnomah ,004300,43
1400000US41051004500,41,OR,051,Multnomah ,004500,45
1400000US41051004601,41,OR,051,Multnomah ,004601,46.01
1400000US41051004602,41,OR,051,Multnomah ,004602,46.02
1400000US41051004700,41,OR,051,Multnomah ,004700,47
1400000US41051004800,41,OR,051,Multnomah ,004800,48
1400000US41051004900,41,OR,051,Multnomah ,004900,49
1400000US41051005000,41,OR,051,Multnomah ,005000,50
1400000US41051005100,41,OR,051,Multnomah ,005100,51
1400000US41051005200,41,OR,051,Multnomah ,005200,52
1400000US41051005500,41,OR,051,Multnomah ,005500,55
1400000US41051005600,41,OR,051,Multnomah ,005600,56
1400000US41051005700,41,OR,051,Multnomah ,005700,57
1400000US41051005800,41,OR,051,Multnomah ,005800,58
1400000US41051005900,41,OR,051,Multnomah ,005900,59
1400000US41051006001,41,OR,051,Multnomah ,006001,60.01
1400000US41051006002,41,OR,051,Multnomah ,006002,60.02
1400000US41051006100,41,OR,051,Multnomah ,006100,61
1400000US41051006200,41,OR,051,Multnomah ,006200,62
1400000US41051006300,41,OR,051,Multnomah ,006300,63
1400000US41051006402,41,OR,051,Multnomah ,006402,64.02
1400000US41051006403,41,OR,051,Multnomah ,006403,64.03
1400000US41051006404,41,OR,051,Multnomah ,006404,64.04
1400000US41051006501,41,OR,051,Multnomah ,006501,65.01
1400000US41051006502,41,OR,051,Multnomah ,006502,65.02
1400000US41051006601,41,OR,051,Multnomah ,006601,66.01
1400000US41051006602,41,OR,051,Multnomah ,006602,66.02
1400000US41051006701,41,OR,051,Multnomah ,006701,67.01
1400000US41051006702,41,OR,051,Multnomah ,006702,67.02
1400000US41051006801,41,OR,051,Multnomah ,006801,68.01
1400000US41051006802,41,OR,051,Multnomah ,006802,68.02
1400000US41051006900,41,OR,051,Multnomah ,006900,69
1400000US41051007000,41,OR,051,Multnomah ,007000,70
1400000US41051007100,41,OR,051,Multnomah ,007100,71
1400000US41051007201,41,OR,051,Multnomah ,007201,72.01
1400000US41051007202,41,OR,051,Multnomah ,007202,72.02
1400000US41051007300,41,OR,051,Multnomah ,007300,73
1400000US41051007400,41,OR,051,Multnomah ,007400,74
1400000US41051007500,41,OR,051,Multnomah ,007500,75
1400000US41051007600,41,OR,051,Multnomah ,007600,76
1400000US41051007700,41,OR,051,Multnomah ,007700,77
1400000US41051007800,41,OR,051,Multnomah ,007800,78
1400000US41051007900,41,OR,051,Multnomah ,007900,79
1400000US41051008001,41,OR,051,Multnomah ,008001,80.01
1400000US41051008002,41,OR,051,Multnomah ,008002,80.02
1400000US41051008100,41,OR,051,Multnomah ,008100,81
1400000US41051008201,41,OR,051,Multnomah ,008201,82.01
1400000US41051008202,41,OR,051,Multnomah ,008202,82.02
1400000US41051008301,41,OR,051,Multnomah ,008301,83.01
1400000US41051008302,41,OR,051,Multnomah ,008302,83.02
1400000US41051008400,41,OR,051,Multnomah ,008400,84
1400000US41051008500,41,OR,051,Multnomah ,008500,85
1400000US41051008600,41,OR,051,Multnomah ,008600,86
1400000US41051008700,41,OR,051,Multnomah ,008700,87
1400000US41051008800,41,OR,051,Multnomah ,008800,88
1400000US41051008901,41,OR,051,Multnomah ,008901,89.01
1400000US41051008902,41,OR,051,Multnomah ,008902,89.02
1400000US41051009000,41,OR,051,Multnomah ,009000,90
1400000US41051009101,41,OR,051,Multnomah ,009101,91.01
1400000US41051009102,41,OR,051,Multnomah ,009102,91.02
1400000US41051009201,41,OR,051,Multnomah ,009201,92.01
1400000US41051009202,41,OR,051,Multnomah ,009202,92.02
1400000US41051009301,41,OR,051,Multnomah ,009301,93.01
1400000US41051009302,41,OR,051,Multnomah ,009302,93.02
1400000US41051009400,41,OR,051,Multnomah ,009400,94
1400000US41051009501,41,OR,051,Multnomah ,009501,95.01
1400000US41051009502,41,OR,051,Multnomah ,009502,95.02
1400000US41051009603,41,OR,051,Multnomah ,009603,96.03
1400000US41051009604,41,OR,051,Multnomah ,009604,96.04
1400000US41051009605,41,OR,051,Multnomah ,009605,96.05
1400000US41051009606,41,OR,051,Multnomah ,009606,96.06
1400000US41051009701,41,OR,051,Multnomah ,009701,97.01
1400000US41051009702,41,OR,051,Multnomah ,009702,97.02
1400000US41051009801,41,OR,051,Multnomah ,009801,98.01
1400000US41051009803,41,OR,051,Multnomah ,009803,98.03
1400000US41051009804,41,OR,051,Multnomah ,009804,98.04
1400000US41051009903,41,OR,051,Multnomah ,009903,99.03
1400000US41051009904,41,OR,051,Multnomah ,009904,99.04
1400000US41051009905,41,OR,051,Multnomah ,009905,99.05
1400000US41051009906,41,OR,051,Multnomah ,009906,99.06
1400000US41051009907,41,OR,051,Multnomah ,009907,99.07
1400000US41051010001,41,OR,051,Multnomah ,010001,100.01
1400000US41051010002,41,OR,051,Multnomah ,010002,100.02
1400000US41051010100,41,OR,051,Multnomah ,010100,101
1400000US41051010200,41,OR,051,Multnomah ,010200,102
1400000US41051010303,41,OR,051,Multnomah ,010303,103.03
1400000US41051010304,41,OR,051,Multnomah ,010304,103.04
1400000US41051010305,41,OR,051,Multnomah ,010305,103.05
1400000US41051010306,41,OR,051,Multnomah ,010306,103.06
1400000US41051010402,41,OR,051,Multnomah ,010402,104.02
1400000US41051010405,41,OR,051,Multnomah ,010405,104.05
1400000US41051010407,41,OR,051,Multnomah ,010407,104.07
1400000US41051010408,41,OR,051,Multnomah ,010408,104.08
1400000US41051010409,41,OR,051,Multnomah ,010409,104.09
1400000US41051010410,41,OR,051,Multnomah ,010410,104.10
1400000US41051010411,41,OR,051,Multnomah ,010411,104.11
1400000US41051010500,41,OR,051,Multnomah ,010500,105
1400000US41051010600,41,OR,051,Multnomah ,010600,106
1400000US41051980000,41,OR,051,Multnomah ,980000,9800
1400000US41053005100,41,OR,053,Polk ,005100,51
1400000US41053005201,41,OR,053,Polk ,005201,52.01
1400000US41053005202,41,OR,053,Polk ,005202,52.02
1400000US41053005300,41,OR,053,Polk ,005300,53
1400000US41053020202,41,OR,053,Polk ,020202,202.02
1400000US41053020203,41,OR,053,Polk ,020203,202.03
1400000US41053020204,41,OR,053,Polk ,020204,202.04
1400000US41053020302,41,OR,053,Polk ,020302,203.02
1400000US41053020303,41,OR,053,Polk ,020303,203.03
1400000US41053020304,41,OR,053,Polk ,020304,203.04
1400000US41053020400,41,OR,053,Polk ,020400,204
1400000US41053020500,41,OR,053,Polk ,020500,205
1400000US41055950100,41,OR,055,Sherman ,950100,9501
1400000US41057960100,41,OR,057,Tillamook ,960100,9601
1400000US41057960200,41,OR,057,Tillamook ,960200,9602
1400000US41057960300,41,OR,057,Tillamook ,960300,9603
1400000US41057960400,41,OR,057,Tillamook ,960400,9604
1400000US41057960500,41,OR,057,Tillamook ,960500,9605
1400000US41057960600,41,OR,057,Tillamook ,960600,9606
1400000US41057960700,41,OR,057,Tillamook ,960700,9607
1400000US41057960800,41,OR,057,Tillamook ,960800,9608
1400000US41057990100,41,OR,057,Tillamook ,990100,9901
1400000US41059940000,41,OR,059,Umatilla ,940000,9400
1400000US41059950100,41,OR,059,Umatilla ,950100,9501
1400000US41059950200,41,OR,059,Umatilla ,950200,9502
1400000US41059950300,41,OR,059,Umatilla ,950300,9503
1400000US41059950400,41,OR,059,Umatilla ,950400,9504
1400000US41059950500,41,OR,059,Umatilla ,950500,9505
1400000US41059950600,41,OR,059,Umatilla ,950600,9506
1400000US41059950700,41,OR,059,Umatilla ,950700,9507
1400000US41059950800,41,OR,059,Umatilla ,950800,9508
1400000US41059950900,41,OR,059,Umatilla ,950900,9509
1400000US41059951000,41,OR,059,Umatilla ,951000,9510
1400000US41059951100,41,OR,059,Umatilla ,951100,9511
1400000US41059951200,41,OR,059,Umatilla ,951200,9512
1400000US41059951300,41,OR,059,Umatilla ,951300,9513
1400000US41059951400,41,OR,059,Umatilla ,951400,9514
1400000US41061970100,41,OR,061,Union ,970100,9701
1400000US41061970200,41,OR,061,Union ,970200,9702
1400000US41061970300,41,OR,061,Union ,970300,9703
1400000US41061970400,41,OR,061,Union ,970400,9704
1400000US41061970500,41,OR,061,Union ,970500,9705
1400000US41061970600,41,OR,061,Union ,970600,9706
1400000US41061970700,41,OR,061,Union ,970700,9707
1400000US41061970800,41,OR,061,Union ,970800,9708
1400000US41063960100,41,OR,063,Wallowa ,960100,9601
1400000US41063960200,41,OR,063,Wallowa ,960200,9602
1400000US41063960300,41,OR,063,Wallowa ,960300,9603
1400000US41065970100,41,OR,065,Wasco ,970100,9701
1400000US41065970200,41,OR,065,Wasco ,970200,9702
1400000US41065970300,41,OR,065,Wasco ,970300,9703
1400000US41065970400,41,OR,065,Wasco ,970400,9704
1400000US41065970500,41,OR,065,Wasco ,970500,9705
1400000US41065970600,41,OR,065,Wasco ,970600,9706
1400000US41065970700,41,OR,065,Wasco ,970700,9707
1400000US41065970800,41,OR,065,Wasco ,970800,9708
1400000US41067030101,41,OR,067,Washington ,030101,301.01
1400000US41067030102,41,OR,067,Washington ,030102,301.02
1400000US41067030200,41,OR,067,Washington ,030200,302
1400000US41067030300,41,OR,067,Washington ,030300,303
1400000US41067030401,41,OR,067,Washington ,030401,304.01
1400000US41067030402,41,OR,067,Washington ,030402,304.02
1400000US41067030501,41,OR,067,Washington ,030501,305.01
1400000US41067030502,41,OR,067,Washington ,030502,305.02
1400000US41067030600,41,OR,067,Washington ,030600,306
1400000US41067030700,41,OR,067,Washington ,030700,307
1400000US41067030801,41,OR,067,Washington ,030801,308.01
1400000US41067030803,41,OR,067,Washington ,030803,308.03
1400000US41067030805,41,OR,067,Washington ,030805,308.05
1400000US41067030806,41,OR,067,Washington ,030806,308.06
1400000US41067030900,41,OR,067,Washington ,030900,309
1400000US41067031003,41,OR,067,Washington ,031003,310.03
1400000US41067031004,41,OR,067,Washington ,031004,310.04
1400000US41067031005,41,OR,067,Washington ,031005,310.05
1400000US41067031006,41,OR,067,Washington ,031006,310.06
1400000US41067031100,41,OR,067,Washington ,031100,311
1400000US41067031200,41,OR,067,Washington ,031200,312
1400000US41067031300,41,OR,067,Washington ,031300,313
1400000US41067031402,41,OR,067,Washington ,031402,314.02
1400000US41067031403,41,OR,067,Washington ,031403,314.03
1400000US41067031404,41,OR,067,Washington ,031404,314.04
1400000US41067031504,41,OR,067,Washington ,031504,315.04
1400000US41067031506,41,OR,067,Washington ,031506,315.06
1400000US41067031507,41,OR,067,Washington ,031507,315.07
1400000US41067031508,41,OR,067,Washington ,031508,315.08
1400000US41067031509,41,OR,067,Washington ,031509,315.09
1400000US41067031511,41,OR,067,Washington ,031511,315.11
1400000US41067031512,41,OR,067,Washington ,031512,315.12
1400000US41067031513,41,OR,067,Washington ,031513,315.13
1400000US41067031514,41,OR,067,Washington ,031514,315.14
1400000US41067031606,41,OR,067,Washington ,031606,316.06
1400000US41067031609,41,OR,067,Washington ,031609,316.09
1400000US41067031610,41,OR,067,Washington ,031610,316.10
1400000US41067031611,41,OR,067,Washington ,031611,316.11
1400000US41067031612,41,OR,067,Washington ,031612,316.12
1400000US41067031613,41,OR,067,Washington ,031613,316.13
1400000US41067031614,41,OR,067,Washington ,031614,316.14
1400000US41067031615,41,OR,067,Washington ,031615,316.15
1400000US41067031616,41,OR,067,Washington ,031616,316.16
1400000US41067031617,41,OR,067,Washington ,031617,316.17
1400000US41067031703,41,OR,067,Washington ,031703,317.03
1400000US41067031704,41,OR,067,Washington ,031704,317.04
1400000US41067031705,41,OR,067,Washington ,031705,317.05
1400000US41067031706,41,OR,067,Washington ,031706,317.06
1400000US41067031804,41,OR,067,Washington ,031804,318.04
1400000US41067031805,41,OR,067,Washington ,031805,318.05
1400000US41067031806,41,OR,067,Washington ,031806,318.06
1400000US41067031807,41,OR,067,Washington ,031807,318.07
1400000US41067031812,41,OR,067,Washington ,031812,318.12
1400000US41067031813,41,OR,067,Washington ,031813,318.13
1400000US41067031814,41,OR,067,Washington ,031814,318.14
1400000US41067031815,41,OR,067,Washington ,031815,318.15
1400000US41067031904,41,OR,067,Washington ,031904,319.04
1400000US41067031907,41,OR,067,Washington ,031907,319.07
1400000US41067031908,41,OR,067,Washington ,031908,319.08
1400000US41067031909,41,OR,067,Washington ,031909,319.09
1400000US41067031910,41,OR,067,Washington ,031910,319.10
1400000US41067031911,41,OR,067,Washington ,031911,319.11
1400000US41067031912,41,OR,067,Washington ,031912,319.12
1400000US41067032001,41,OR,067,Washington ,032001,320.01
1400000US41067032003,41,OR,067,Washington ,032003,320.03
1400000US41067032004,41,OR,067,Washington ,032004,320.04
1400000US41067032005,41,OR,067,Washington ,032005,320.05
1400000US41067032103,41,OR,067,Washington ,032103,321.03
1400000US41067032104,41,OR,067,Washington ,032104,321.04
1400000US41067032107,41,OR,067,Washington ,032107,321.07
1400000US41067032108,41,OR,067,Washington ,032108,321.08
1400000US41067032109,41,OR,067,Washington ,032109,321.09
1400000US41067032110,41,OR,067,Washington ,032110,321.10
1400000US41067032200,41,OR,067,Washington ,032200,322
1400000US41067032300,41,OR,067,Washington ,032300,323
1400000US41067032404,41,OR,067,Washington ,032404,324.04
1400000US41067032406,41,OR,067,Washington ,032406,324.06
1400000US41067032407,41,OR,067,Washington ,032407,324.07
1400000US41067032408,41,OR,067,Washington ,032408,324.08
1400000US41067032409,41,OR,067,Washington ,032409,324.09
1400000US41067032410,41,OR,067,Washington ,032410,324.10
1400000US41067032501,41,OR,067,Washington ,032501,325.01
1400000US41067032502,41,OR,067,Washington ,032502,325.02
1400000US41067032503,41,OR,067,Washington ,032503,325.03
1400000US41067032603,41,OR,067,Washington ,032603,326.03
1400000US41067032604,41,OR,067,Washington ,032604,326.04
1400000US41067032606,41,OR,067,Washington ,032606,326.06
1400000US41067032607,41,OR,067,Washington ,032607,326.07
1400000US41067032608,41,OR,067,Washington ,032608,326.08
1400000US41067032609,41,OR,067,Washington ,032609,326.09
1400000US41067032610,41,OR,067,Washington ,032610,326.10
1400000US41067032700,41,OR,067,Washington ,032700,327
1400000US41067032800,41,OR,067,Washington ,032800,328
1400000US41067032901,41,OR,067,Washington ,032901,329.01
1400000US41067032902,41,OR,067,Washington ,032902,329.02
1400000US41067033000,41,OR,067,Washington ,033000,330
1400000US41067033101,41,OR,067,Washington ,033101,331.01
1400000US41067033102,41,OR,067,Washington ,033102,331.02
1400000US41067033200,41,OR,067,Washington ,033200,332
1400000US41067033301,41,OR,067,Washington ,033301,333.01
1400000US41067033302,41,OR,067,Washington ,033302,333.02
1400000US41067033400,41,OR,067,Washington ,033400,334
1400000US41067033500,41,OR,067,Washington ,033500,335
1400000US41067033600,41,OR,067,Washington ,033600,336
1400000US41069960100,41,OR,069,Wheeler ,960100,9601
1400000US41071030101,41,OR,071,Yamhill ,030101,301.01
1400000US41071030102,41,OR,071,Yamhill ,030102,301.02
1400000US41071030201,41,OR,071,Yamhill ,030201,302.01
1400000US41071030202,41,OR,071,Yamhill ,030202,302.02
1400000US41071030301,41,OR,071,Yamhill ,030301,303.01
1400000US41071030302,41,OR,071,Yamhill ,030302,303.02
1400000US41071030400,41,OR,071,Yamhill ,030400,304
1400000US41071030501,41,OR,071,Yamhill ,030501,305.01
1400000US41071030502,41,OR,071,Yamhill ,030502,305.02
1400000US41071030601,41,OR,071,Yamhill ,030601,306.01
1400000US41071030602,41,OR,071,Yamhill ,030602,306.02
1400000US41071030701,41,OR,071,Yamhill ,030701,307.01
1400000US41071030702,41,OR,071,Yamhill ,030702,307.02
1400000US41071030801,41,OR,071,Yamhill ,030801,308.01
1400000US41071030802,41,OR,071,Yamhill ,030802,308.02
1400000US41071030900,41,OR,071,Yamhill ,030900,309
1400000US41071031000,41,OR,071,Yamhill ,031000,310