"GEO_ID","id",
"NAME","Geographic Area Name",
"S2802_C01_001E","Estimate!!Total!!Total population in households",
"S2802_C01_001M","Margin of Error!!Total MOE!!Total population in households",
"S2802_C01_002E","Estimate!!Total!!Total population in households!!AGE!!Under 18 years",
"S2802_C01_002M","Margin of Error!!Total MOE!!Total population in households!!AGE!!Under 18 years",
"S2802_C01_003E","Estimate!!Total!!Total population in households!!AGE!!18 to 64 years",
"S2802_C01_003M","Margin of Error!!Total MOE!!Total population in households!!AGE!!18 to 64 years",
"S2802_C01_004E","Estimate!!Total!!Total population in households!!AGE!!65 years and over",
"S2802_C01_004M","Margin of Error!!Total MOE!!Total population in households!!AGE!!65 years and over",
"S2802_C01_005E","Estimate!!Total!!Total population in households!!RACE AND HISPANIC OR LATINO ORIGIN!!White alone",
"S2802_C01_005M","Margin of Error!!Total MOE!!Total population in households!!RACE AND HISPANIC OR LATINO ORIGIN!!White alone",
"S2802_C01_006E","Estimate!!Total!!Total population in households!!RACE AND HISPANIC OR LATINO ORIGIN!!Black or African American alone",
"S2802_C01_006M","Margin of Error!!Total MOE!!Total population in households!!RACE AND HISPANIC OR LATINO ORIGIN!!Black or African American alone",
"S2802_C01_007E","Estimate!!Total!!Total population in households!!RACE AND HISPANIC OR LATINO ORIGIN!!American Indian and Alaska Native alone",
"S2802_C01_007M","Margin of Error!!Total MOE!!Total population in households!!RACE AND HISPANIC OR LATINO ORIGIN!!American Indian and Alaska Native alone",
"S2802_C01_008E","Estimate!!Total!!Total population in households!!RACE AND HISPANIC OR LATINO ORIGIN!!Asian alone",
"S2802_C01_008M","Margin of Error!!Total MOE!!Total population in households!!RACE AND HISPANIC OR LATINO ORIGIN!!Asian alone",
"S2802_C01_009E","Estimate!!Total!!Total population in households!!RACE AND HISPANIC OR LATINO ORIGIN!!Native Hawaiian and Other Pacific Islander alone",
"S2802_C01_009M","Margin of Error!!Total MOE!!Total population in households!!RACE AND HISPANIC OR LATINO ORIGIN!!Native Hawaiian and Other Pacific Islander alone",
"S2802_C01_010E","Estimate!!Total!!Total population in households!!RACE AND HISPANIC OR LATINO ORIGIN!!Some other race alone",
"S2802_C01_010M","Margin of Error!!Total MOE!!Total population in households!!RACE AND HISPANIC OR LATINO ORIGIN!!Some other race alone",
"S2802_C01_011E","Estimate!!Total!!Total population in households!!RACE AND HISPANIC OR LATINO ORIGIN!!Two or more races",
"S2802_C01_011M","Margin of Error!!Total MOE!!Total population in households!!RACE AND HISPANIC OR LATINO ORIGIN!!Two or more races",
"S2802_C01_012E","Estimate!!Total!!Total population in households!!RACE AND HISPANIC OR LATINO ORIGIN!!Hispanic or Latino origin (of any race)",
"S2802_C01_012M","Margin of Error!!Total MOE!!Total population in households!!RACE AND HISPANIC OR LATINO ORIGIN!!Hispanic or Latino origin (of any race)",
"S2802_C01_013E","Estimate!!Total!!Total population in households!!RACE AND HISPANIC OR LATINO ORIGIN!!White alone, not Hispanic or Latino",
"S2802_C01_013M","Margin of Error!!Total MOE!!Total population in households!!RACE AND HISPANIC OR LATINO ORIGIN!!White alone, not Hispanic or Latino",
"S2802_C01_014E","Estimate!!Total!!Total population in households!!EDUCATIONAL ATTAINMENT!!Household population 25 years and over",
"S2802_C01_014M","Margin of Error!!Total MOE!!Total population in households!!EDUCATIONAL ATTAINMENT!!Household population 25 years and over",
"S2802_C01_015E","Estimate!!Total!!Total population in households!!EDUCATIONAL ATTAINMENT!!Household population 25 years and over!!Less than high school graduate or equivalency",
"S2802_C01_015M","Margin of Error!!Total MOE!!Total population in households!!EDUCATIONAL ATTAINMENT!!Household population 25 years and over!!Less than high school graduate or equivalency",
"S2802_C01_016E","Estimate!!Total!!Total population in households!!EDUCATIONAL ATTAINMENT!!Household population 25 years and over!!High school graduate (includes equivalency), some college or associate's degree",
"S2802_C01_016M","Margin of Error!!Total MOE!!Total population in households!!EDUCATIONAL ATTAINMENT!!Household population 25 years and over!!High school graduate (includes equivalency), some college or associate's degree",
"S2802_C01_017E","Estimate!!Total!!Total population in households!!EDUCATIONAL ATTAINMENT!!Household population 25 years and over!!Bachelor's degree or higher",
"S2802_C01_017M","Margin of Error!!Total MOE!!Total population in households!!EDUCATIONAL ATTAINMENT!!Household population 25 years and over!!Bachelor's degree or higher",
"S2802_C01_018E","Estimate!!Total!!Total population in households!!EMPLOYMENT STATUS!!Civilian population 16 years and over",
"S2802_C01_018M","Margin of Error!!Total MOE!!Total population in households!!EMPLOYMENT STATUS!!Civilian population 16 years and over",
"S2802_C01_019E","Estimate!!Total!!Total population in households!!EMPLOYMENT STATUS!!Civilian population 16 years and over!!In labor force",
"S2802_C01_019M","Margin of Error!!Total MOE!!Total population in households!!EMPLOYMENT STATUS!!Civilian population 16 years and over!!In labor force",
"S2802_C01_020E","Estimate!!Total!!Total population in households!!EMPLOYMENT STATUS!!Civilian population 16 years and over!!In labor force!!Employed",
"S2802_C01_020M","Margin of Error!!Total MOE!!Total population in households!!EMPLOYMENT STATUS!!Civilian population 16 years and over!!In labor force!!Employed",
"S2802_C01_021E","Estimate!!Total!!Total population in households!!EMPLOYMENT STATUS!!Civilian population 16 years and over!!In labor force!!Unemployed",
"S2802_C01_021M","Margin of Error!!Total MOE!!Total population in households!!EMPLOYMENT STATUS!!Civilian population 16 years and over!!In labor force!!Unemployed",
"S2802_C01_022E","Estimate!!Total!!Total population in households!!EMPLOYMENT STATUS!!Civilian population 16 years and over!!Not in labor force",
"S2802_C01_022M","Margin of Error!!Total MOE!!Total population in households!!EMPLOYMENT STATUS!!Civilian population 16 years and over!!Not in labor force",
"S2802_C02_001E","Estimate!!With a computer!!Broadband Internet Subscription!!Total population in households",
"S2802_C02_001M","Margin of Error!!With a computer!!Broadband Internet Subscription MOE!!Total population in households",
"S2802_C02_002E","Estimate!!With a computer!!Broadband Internet Subscription!!Total population in households!!AGE!!Under 18 years",
"S2802_C02_002M","Margin of Error!!With a computer!!Broadband Internet Subscription MOE!!Total population in households!!AGE!!Under 18 years",
"S2802_C02_003E","Estimate!!With a computer!!Broadband Internet Subscription!!Total population in households!!AGE!!18 to 64 years",
"S2802_C02_003M","Margin of Error!!With a computer!!Broadband Internet Subscription MOE!!Total population in households!!AGE!!18 to 64 years",
"S2802_C02_004E","Estimate!!With a computer!!Broadband Internet Subscription!!Total population in households!!AGE!!65 years and over",
"S2802_C02_004M","Margin of Error!!With a computer!!Broadband Internet Subscription MOE!!Total population in households!!AGE!!65 years and over",
"S2802_C02_005E","Estimate!!With a computer!!Broadband Internet Subscription!!Total population in households!!RACE AND HISPANIC OR LATINO ORIGIN!!White alone",
"S2802_C02_005M","Margin of Error!!With a computer!!Broadband Internet Subscription MOE!!Total population in households!!RACE AND HISPANIC OR LATINO ORIGIN!!White alone",
"S2802_C02_006E","Estimate!!With a computer!!Broadband Internet Subscription!!Total population in households!!RACE AND HISPANIC OR LATINO ORIGIN!!Black or African American alone",
"S2802_C02_006M","Margin of Error!!With a computer!!Broadband Internet Subscription MOE!!Total population in households!!RACE AND HISPANIC OR LATINO ORIGIN!!Black or African American alone",
"S2802_C02_007E","Estimate!!With a computer!!Broadband Internet Subscription!!Total population in households!!RACE AND HISPANIC OR LATINO ORIGIN!!American Indian and Alaska Native alone",
"S2802_C02_007M","Margin of Error!!With a computer!!Broadband Internet Subscription MOE!!Total population in households!!RACE AND HISPANIC OR LATINO ORIGIN!!American Indian and Alaska Native alone",
"S2802_C02_008E","Estimate!!With a computer!!Broadband Internet Subscription!!Total population in households!!RACE AND HISPANIC OR LATINO ORIGIN!!Asian alone",
"S2802_C02_008M","Margin of Error!!With a computer!!Broadband Internet Subscription MOE!!Total population in households!!RACE AND HISPANIC OR LATINO ORIGIN!!Asian alone",
"S2802_C02_009E","Estimate!!With a computer!!Broadband Internet Subscription!!Total population in households!!RACE AND HISPANIC OR LATINO ORIGIN!!Native Hawaiian and Other Pacific Islander alone",
"S2802_C02_009M","Margin of Error!!With a computer!!Broadband Internet Subscription MOE!!Total population in households!!RACE AND HISPANIC OR LATINO ORIGIN!!Native Hawaiian and Other Pacific Islander alone",
"S2802_C02_010E","Estimate!!With a computer!!Broadband Internet Subscription!!Total population in households!!RACE AND HISPANIC OR LATINO ORIGIN!!Some other race alone",
"S2802_C02_010M","Margin of Error!!With a computer!!Broadband Internet Subscription MOE!!Total population in households!!RACE AND HISPANIC OR LATINO ORIGIN!!Some other race alone",
"S2802_C02_011E","Estimate!!With a computer!!Broadband Internet Subscription!!Total population in households!!RACE AND HISPANIC OR LATINO ORIGIN!!Two or more races",
"S2802_C02_011M","Margin of Error!!With a computer!!Broadband Internet Subscription MOE!!Total population in households!!RACE AND HISPANIC OR LATINO ORIGIN!!Two or more races",
"S2802_C02_012E","Estimate!!With a computer!!Broadband Internet Subscription!!Total population in households!!RACE AND HISPANIC OR LATINO ORIGIN!!Hispanic or Latino origin (of any race)",
"S2802_C02_012M","Margin of Error!!With a computer!!Broadband Internet Subscription MOE!!Total population in households!!RACE AND HISPANIC OR LATINO ORIGIN!!Hispanic or Latino origin (of any race)",
"S2802_C02_013E","Estimate!!With a computer!!Broadband Internet Subscription!!Total population in households!!RACE AND HISPANIC OR LATINO ORIGIN!!White alone, not Hispanic or Latino",
"S2802_C02_013M","Margin of Error!!With a computer!!Broadband Internet Subscription MOE!!Total population in households!!RACE AND HISPANIC OR LATINO ORIGIN!!White alone, not Hispanic or Latino",
"S2802_C02_014E","Estimate!!With a computer!!Broadband Internet Subscription!!Total population in households!!EDUCATIONAL ATTAINMENT!!Household population 25 years and over",
"S2802_C02_014M","Margin of Error!!With a computer!!Broadband Internet Subscription MOE!!Total population in households!!EDUCATIONAL ATTAINMENT!!Household population 25 years and over",
"S2802_C02_015E","Estimate!!With a computer!!Broadband Internet Subscription!!Total population in households!!EDUCATIONAL ATTAINMENT!!Household population 25 years and over!!Less than high school graduate or equivalency",
"S2802_C02_015M","Margin of Error!!With a computer!!Broadband Internet Subscription MOE!!Total population in households!!EDUCATIONAL ATTAINMENT!!Household population 25 years and over!!Less than high school graduate or equivalency",
"S2802_C02_016E","Estimate!!With a computer!!Broadband Internet Subscription!!Total population in households!!EDUCATIONAL ATTAINMENT!!Household population 25 years and over!!High school graduate (includes equivalency), some college or associate's degree",
"S2802_C02_016M","Margin of Error!!With a computer!!Broadband Internet Subscription MOE!!Total population in households!!EDUCATIONAL ATTAINMENT!!Household population 25 years and over!!High school graduate (includes equivalency), some college or associate's degree",
"S2802_C02_017E","Estimate!!With a computer!!Broadband Internet Subscription!!Total population in households!!EDUCATIONAL ATTAINMENT!!Household population 25 years and over!!Bachelor's degree or higher",
"S2802_C02_017M","Margin of Error!!With a computer!!Broadband Internet Subscription MOE!!Total population in households!!EDUCATIONAL ATTAINMENT!!Household population 25 years and over!!Bachelor's degree or higher",
"S2802_C02_018E","Estimate!!With a computer!!Broadband Internet Subscription!!Total population in households!!EMPLOYMENT STATUS!!Civilian population 16 years and over",
"S2802_C02_018M","Margin of Error!!With a computer!!Broadband Internet Subscription MOE!!Total population in households!!EMPLOYMENT STATUS!!Civilian population 16 years and over",
"S2802_C02_019E","Estimate!!With a computer!!Broadband Internet Subscription!!Total population in households!!EMPLOYMENT STATUS!!Civilian population 16 years and over!!In labor force",
"S2802_C02_019M","Margin of Error!!With a computer!!Broadband Internet Subscription MOE!!Total population in households!!EMPLOYMENT STATUS!!Civilian population 16 years and over!!In labor force",
"S2802_C02_020E","Estimate!!With a computer!!Broadband Internet Subscription!!Total population in households!!EMPLOYMENT STATUS!!Civilian population 16 years and over!!In labor force!!Employed",
"S2802_C02_020M","Margin of Error!!With a computer!!Broadband Internet Subscription MOE!!Total population in households!!EMPLOYMENT STATUS!!Civilian population 16 years and over!!In labor force!!Employed",
"S2802_C02_021E","Estimate!!With a computer!!Broadband Internet Subscription!!Total population in households!!EMPLOYMENT STATUS!!Civilian population 16 years and over!!In labor force!!Unemployed",
"S2802_C02_021M","Margin of Error!!With a computer!!Broadband Internet Subscription MOE!!Total population in households!!EMPLOYMENT STATUS!!Civilian population 16 years and over!!In labor force!!Unemployed",
"S2802_C02_022E","Estimate!!With a computer!!Broadband Internet Subscription!!Total population in households!!EMPLOYMENT STATUS!!Civilian population 16 years and over!!Not in labor force",
"S2802_C02_022M","Margin of Error!!With a computer!!Broadband Internet Subscription MOE!!Total population in households!!EMPLOYMENT STATUS!!Civilian population 16 years and over!!Not in labor force",
"S2802_C03_001E","Estimate!!With a computer!!Percent Broadband Internet Subscription!!Total population in households",
"S2802_C03_001M","Margin of Error!!With a computer!!Percent Broadband Internet Subscription MOE!!Total population in households",
"S2802_C03_002E","Estimate!!With a computer!!Percent Broadband Internet Subscription!!Total population in households!!AGE!!Under 18 years",
"S2802_C03_002M","Margin of Error!!With a computer!!Percent Broadband Internet Subscription MOE!!Total population in households!!AGE!!Under 18 years",
"S2802_C03_003E","Estimate!!With a computer!!Percent Broadband Internet Subscription!!Total population in households!!AGE!!18 to 64 years",
"S2802_C03_003M","Margin of Error!!With a computer!!Percent Broadband Internet Subscription MOE!!Total population in households!!AGE!!18 to 64 years",
"S2802_C03_004E","Estimate!!With a computer!!Percent Broadband Internet Subscription!!Total population in households!!AGE!!65 years and over",
"S2802_C03_004M","Margin of Error!!With a computer!!Percent Broadband Internet Subscription MOE!!Total population in households!!AGE!!65 years and over",
"S2802_C03_005E","Estimate!!With a computer!!Percent Broadband Internet Subscription!!Total population in households!!RACE AND HISPANIC OR LATINO ORIGIN!!White alone",
"S2802_C03_005M","Margin of Error!!With a computer!!Percent Broadband Internet Subscription MOE!!Total population in households!!RACE AND HISPANIC OR LATINO ORIGIN!!White alone",
"S2802_C03_006E","Estimate!!With a computer!!Percent Broadband Internet Subscription!!Total population in households!!RACE AND HISPANIC OR LATINO ORIGIN!!Black or African American alone",
"S2802_C03_006M","Margin of Error!!With a computer!!Percent Broadband Internet Subscription MOE!!Total population in households!!RACE AND HISPANIC OR LATINO ORIGIN!!Black or African American alone",
"S2802_C03_007E","Estimate!!With a computer!!Percent Broadband Internet Subscription!!Total population in households!!RACE AND HISPANIC OR LATINO ORIGIN!!American Indian and Alaska Native alone",
"S2802_C03_007M","Margin of Error!!With a computer!!Percent Broadband Internet Subscription MOE!!Total population in households!!RACE AND HISPANIC OR LATINO ORIGIN!!American Indian and Alaska Native alone",
"S2802_C03_008E","Estimate!!With a computer!!Percent Broadband Internet Subscription!!Total population in households!!RACE AND HISPANIC OR LATINO ORIGIN!!Asian alone",
"S2802_C03_008M","Margin of Error!!With a computer!!Percent Broadband Internet Subscription MOE!!Total population in households!!RACE AND HISPANIC OR LATINO ORIGIN!!Asian alone",
"S2802_C03_009E","Estimate!!With a computer!!Percent Broadband Internet Subscription!!Total population in households!!RACE AND HISPANIC OR LATINO ORIGIN!!Native Hawaiian and Other Pacific Islander alone",
"S2802_C03_009M","Margin of Error!!With a computer!!Percent Broadband Internet Subscription MOE!!Total population in households!!RACE AND HISPANIC OR LATINO ORIGIN!!Native Hawaiian and Other Pacific Islander alone",
"S2802_C03_010E","Estimate!!With a computer!!Percent Broadband Internet Subscription!!Total population in households!!RACE AND HISPANIC OR LATINO ORIGIN!!Some other race alone",
"S2802_C03_010M","Margin of Error!!With a computer!!Percent Broadband Internet Subscription MOE!!Total population in households!!RACE AND HISPANIC OR LATINO ORIGIN!!Some other race alone",
"S2802_C03_011E","Estimate!!With a computer!!Percent Broadband Internet Subscription!!Total population in households!!RACE AND HISPANIC OR LATINO ORIGIN!!Two or more races",
"S2802_C03_011M","Margin of Error!!With a computer!!Percent Broadband Internet Subscription MOE!!Total population in households!!RACE AND HISPANIC OR LATINO ORIGIN!!Two or more races",
"S2802_C03_012E","Estimate!!With a computer!!Percent Broadband Internet Subscription!!Total population in households!!RACE AND HISPANIC OR LATINO ORIGIN!!Hispanic or Latino origin (of any race)",
"S2802_C03_012M","Margin of Error!!With a computer!!Percent Broadband Internet Subscription MOE!!Total population in households!!RACE AND HISPANIC OR LATINO ORIGIN!!Hispanic or Latino origin (of any race)",
"S2802_C03_013E","Estimate!!With a computer!!Percent Broadband Internet Subscription!!Total population in households!!RACE AND HISPANIC OR LATINO ORIGIN!!White alone, not Hispanic or Latino",
"S2802_C03_013M","Margin of Error!!With a computer!!Percent Broadband Internet Subscription MOE!!Total population in households!!RACE AND HISPANIC OR LATINO ORIGIN!!White alone, not Hispanic or Latino",
"S2802_C03_014E","Estimate!!With a computer!!Percent Broadband Internet Subscription!!Total population in households!!EDUCATIONAL ATTAINMENT!!Household population 25 years and over",
"S2802_C03_014M","Margin of Error!!With a computer!!Percent Broadband Internet Subscription MOE!!Total population in households!!EDUCATIONAL ATTAINMENT!!Household population 25 years and over",
"S2802_C03_015E","Estimate!!With a computer!!Percent Broadband Internet Subscription!!Total population in households!!EDUCATIONAL ATTAINMENT!!Household population 25 years and over!!Less than high school graduate or equivalency",
"S2802_C03_015M","Margin of Error!!With a computer!!Percent Broadband Internet Subscription MOE!!Total population in households!!EDUCATIONAL ATTAINMENT!!Household population 25 years and over!!Less than high school graduate or equivalency",
"S2802_C03_016E","Estimate!!With a computer!!Percent Broadband Internet Subscription!!Total population in households!!EDUCATIONAL ATTAINMENT!!Household population 25 years and over!!High school graduate (includes equivalency), some college or associate's degree",
"S2802_C03_016M","Margin of Error!!With a computer!!Percent Broadband Internet Subscription MOE!!Total population in households!!EDUCATIONAL ATTAINMENT!!Household population 25 years and over!!High school graduate (includes equivalency), some college or associate's degree",
"S2802_C03_017E","Estimate!!With a computer!!Percent Broadband Internet Subscription!!Total population in households!!EDUCATIONAL ATTAINMENT!!Household population 25 years and over!!Bachelor's degree or higher",
"S2802_C03_017M","Margin of Error!!With a computer!!Percent Broadband Internet Subscription MOE!!Total population in households!!EDUCATIONAL ATTAINMENT!!Household population 25 years and over!!Bachelor's degree or higher",
"S2802_C03_018E","Estimate!!With a computer!!Percent Broadband Internet Subscription!!Total population in households!!EMPLOYMENT STATUS!!Civilian population 16 years and over",
"S2802_C03_018M","Margin of Error!!With a computer!!Percent Broadband Internet Subscription MOE!!Total population in households!!EMPLOYMENT STATUS!!Civilian population 16 years and over",
"S2802_C03_019E","Estimate!!With a computer!!Percent Broadband Internet Subscription!!Total population in households!!EMPLOYMENT STATUS!!Civilian population 16 years and over!!In labor force",
"S2802_C03_019M","Margin of Error!!With a computer!!Percent Broadband Internet Subscription MOE!!Total population in households!!EMPLOYMENT STATUS!!Civilian population 16 years and over!!In labor force",
"S2802_C03_020E","Estimate!!With a computer!!Percent Broadband Internet Subscription!!Total population in households!!EMPLOYMENT STATUS!!Civilian population 16 years and over!!In labor force!!Employed",
"S2802_C03_020M","Margin of Error!!With a computer!!Percent Broadband Internet Subscription MOE!!Total population in households!!EMPLOYMENT STATUS!!Civilian population 16 years and over!!In labor force!!Employed",
"S2802_C03_021E","Estimate!!With a computer!!Percent Broadband Internet Subscription!!Total population in households!!EMPLOYMENT STATUS!!Civilian population 16 years and over!!In labor force!!Unemployed",
"S2802_C03_021M","Margin of Error!!With a computer!!Percent Broadband Internet Subscription MOE!!Total population in households!!EMPLOYMENT STATUS!!Civilian population 16 years and over!!In labor force!!Unemployed",
"S2802_C03_022E","Estimate!!With a computer!!Percent Broadband Internet Subscription!!Total population in households!!EMPLOYMENT STATUS!!Civilian population 16 years and over!!Not in labor force",
"S2802_C03_022M","Margin of Error!!With a computer!!Percent Broadband Internet Subscription MOE!!Total population in households!!EMPLOYMENT STATUS!!Civilian population 16 years and over!!Not in labor force",
"S2802_C04_001E","Estimate!!With a computer!!Without an Internet Subscription!!Total population in households",
"S2802_C04_001M","Margin of Error!!With a computer!!Without an Internet Subscription MOE!!Total population in households",
"S2802_C04_002E","Estimate!!With a computer!!Without an Internet Subscription!!Total population in households!!AGE!!Under 18 years",
"S2802_C04_002M","Margin of Error!!With a computer!!Without an Internet Subscription MOE!!Total population in households!!AGE!!Under 18 years",
"S2802_C04_003E","Estimate!!With a computer!!Without an Internet Subscription!!Total population in households!!AGE!!18 to 64 years",
"S2802_C04_003M","Margin of Error!!With a computer!!Without an Internet Subscription MOE!!Total population in households!!AGE!!18 to 64 years",
"S2802_C04_004E","Estimate!!With a computer!!Without an Internet Subscription!!Total population in households!!AGE!!65 years and over",
"S2802_C04_004M","Margin of Error!!With a computer!!Without an Internet Subscription MOE!!Total population in households!!AGE!!65 years and over",
"S2802_C04_005E","Estimate!!With a computer!!Without an Internet Subscription!!Total population in households!!RACE AND HISPANIC OR LATINO ORIGIN!!White alone",
"S2802_C04_005M","Margin of Error!!With a computer!!Without an Internet Subscription MOE!!Total population in households!!RACE AND HISPANIC OR LATINO ORIGIN!!White alone",
"S2802_C04_006E","Estimate!!With a computer!!Without an Internet Subscription!!Total population in households!!RACE AND HISPANIC OR LATINO ORIGIN!!Black or African American alone",
"S2802_C04_006M","Margin of Error!!With a computer!!Without an Internet Subscription MOE!!Total population in households!!RACE AND HISPANIC OR LATINO ORIGIN!!Black or African American alone",
"S2802_C04_007E","Estimate!!With a computer!!Without an Internet Subscription!!Total population in households!!RACE AND HISPANIC OR LATINO ORIGIN!!American Indian and Alaska Native alone",
"S2802_C04_007M","Margin of Error!!With a computer!!Without an Internet Subscription MOE!!Total population in households!!RACE AND HISPANIC OR LATINO ORIGIN!!American Indian and Alaska Native alone",
"S2802_C04_008E","Estimate!!With a computer!!Without an Internet Subscription!!Total population in households!!RACE AND HISPANIC OR LATINO ORIGIN!!Asian alone",
"S2802_C04_008M","Margin of Error!!With a computer!!Without an Internet Subscription MOE!!Total population in households!!RACE AND HISPANIC OR LATINO ORIGIN!!Asian alone",
"S2802_C04_009E","Estimate!!With a computer!!Without an Internet Subscription!!Total population in households!!RACE AND HISPANIC OR LATINO ORIGIN!!Native Hawaiian and Other Pacific Islander alone",
"S2802_C04_009M","Margin of Error!!With a computer!!Without an Internet Subscription MOE!!Total population in households!!RACE AND HISPANIC OR LATINO ORIGIN!!Native Hawaiian and Other Pacific Islander alone",
"S2802_C04_010E","Estimate!!With a computer!!Without an Internet Subscription!!Total population in households!!RACE AND HISPANIC OR LATINO ORIGIN!!Some other race alone",
"S2802_C04_010M","Margin of Error!!With a computer!!Without an Internet Subscription MOE!!Total population in households!!RACE AND HISPANIC OR LATINO ORIGIN!!Some other race alone",
"S2802_C04_011E","Estimate!!With a computer!!Without an Internet Subscription!!Total population in households!!RACE AND HISPANIC OR LATINO ORIGIN!!Two or more races",
"S2802_C04_011M","Margin of Error!!With a computer!!Without an Internet Subscription MOE!!Total population in households!!RACE AND HISPANIC OR LATINO ORIGIN!!Two or more races",
"S2802_C04_012E","Estimate!!With a computer!!Without an Internet Subscription!!Total population in households!!RACE AND HISPANIC OR LATINO ORIGIN!!Hispanic or Latino origin (of any race)",
"S2802_C04_012M","Margin of Error!!With a computer!!Without an Internet Subscription MOE!!Total population in households!!RACE AND HISPANIC OR LATINO ORIGIN!!Hispanic or Latino origin (of any race)",
"S2802_C04_013E","Estimate!!With a computer!!Without an Internet Subscription!!Total population in households!!RACE AND HISPANIC OR LATINO ORIGIN!!White alone, not Hispanic or Latino",
"S2802_C04_013M","Margin of Error!!With a computer!!Without an Internet Subscription MOE!!Total population in households!!RACE AND HISPANIC OR LATINO ORIGIN!!White alone, not Hispanic or Latino",
"S2802_C04_014E","Estimate!!With a computer!!Without an Internet Subscription!!Total population in households!!EDUCATIONAL ATTAINMENT!!Household population 25 years and over",
"S2802_C04_014M","Margin of Error!!With a computer!!Without an Internet Subscription MOE!!Total population in households!!EDUCATIONAL ATTAINMENT!!Household population 25 years and over",
"S2802_C04_015E","Estimate!!With a computer!!Without an Internet Subscription!!Total population in households!!EDUCATIONAL ATTAINMENT!!Household population 25 years and over!!Less than high school graduate or equivalency",
"S2802_C04_015M","Margin of Error!!With a computer!!Without an Internet Subscription MOE!!Total population in households!!EDUCATIONAL ATTAINMENT!!Household population 25 years and over!!Less than high school graduate or equivalency",
"S2802_C04_016E","Estimate!!With a computer!!Without an Internet Subscription!!Total population in households!!EDUCATIONAL ATTAINMENT!!Household population 25 years and over!!High school graduate (includes equivalency), some college or associate's degree",
"S2802_C04_016M","Margin of Error!!With a computer!!Without an Internet Subscription MOE!!Total population in households!!EDUCATIONAL ATTAINMENT!!Household population 25 years and over!!High school graduate (includes equivalency), some college or associate's degree",
"S2802_C04_017E","Estimate!!With a computer!!Without an Internet Subscription!!Total population in households!!EDUCATIONAL ATTAINMENT!!Household population 25 years and over!!Bachelor's degree or higher",
"S2802_C04_017M","Margin of Error!!With a computer!!Without an Internet Subscription MOE!!Total population in households!!EDUCATIONAL ATTAINMENT!!Household population 25 years and over!!Bachelor's degree or higher",
"S2802_C04_018E","Estimate!!With a computer!!Without an Internet Subscription!!Total population in households!!EMPLOYMENT STATUS!!Civilian population 16 years and over",
"S2802_C04_018M","Margin of Error!!With a computer!!Without an Internet Subscription MOE!!Total population in households!!EMPLOYMENT STATUS!!Civilian population 16 years and over",
"S2802_C04_019E","Estimate!!With a computer!!Without an Internet Subscription!!Total population in households!!EMPLOYMENT STATUS!!Civilian population 16 years and over!!In labor force",
"S2802_C04_019M","Margin of Error!!With a computer!!Without an Internet Subscription MOE!!Total population in households!!EMPLOYMENT STATUS!!Civilian population 16 years and over!!In labor force",
"S2802_C04_020E","Estimate!!With a computer!!Without an Internet Subscription!!Total population in households!!EMPLOYMENT STATUS!!Civilian population 16 years and over!!In labor force!!Employed",
"S2802_C04_020M","Margin of Error!!With a computer!!Without an Internet Subscription MOE!!Total population in households!!EMPLOYMENT STATUS!!Civilian population 16 years and over!!In labor force!!Employed",
"S2802_C04_021E","Estimate!!With a computer!!Without an Internet Subscription!!Total population in households!!EMPLOYMENT STATUS!!Civilian population 16 years and over!!In labor force!!Unemployed",
"S2802_C04_021M","Margin of Error!!With a computer!!Without an Internet Subscription MOE!!Total population in households!!EMPLOYMENT STATUS!!Civilian population 16 years and over!!In labor force!!Unemployed",
"S2802_C04_022E","Estimate!!With a computer!!Without an Internet Subscription!!Total population in households!!EMPLOYMENT STATUS!!Civilian population 16 years and over!!Not in labor force",
"S2802_C04_022M","Margin of Error!!With a computer!!Without an Internet Subscription MOE!!Total population in households!!EMPLOYMENT STATUS!!Civilian population 16 years and over!!Not in labor force",
"S2802_C05_001E","Estimate!!With a computer!!Percent without an Internet Subscription!!Total population in households",
"S2802_C05_001M","Margin of Error!!With a computer!!Percent without an Internet Subscription MOE!!Total population in households",
"S2802_C05_002E","Estimate!!With a computer!!Percent without an Internet Subscription!!Total population in households!!AGE!!Under 18 years",
"S2802_C05_002M","Margin of Error!!With a computer!!Percent without an Internet Subscription MOE!!Total population in households!!AGE!!Under 18 years",
"S2802_C05_003E","Estimate!!With a computer!!Percent without an Internet Subscription!!Total population in households!!AGE!!18 to 64 years",
"S2802_C05_003M","Margin of Error!!With a computer!!Percent without an Internet Subscription MOE!!Total population in households!!AGE!!18 to 64 years",
"S2802_C05_004E","Estimate!!With a computer!!Percent without an Internet Subscription!!Total population in households!!AGE!!65 years and over",
"S2802_C05_004M","Margin of Error!!With a computer!!Percent without an Internet Subscription MOE!!Total population in households!!AGE!!65 years and over",
"S2802_C05_005E","Estimate!!With a computer!!Percent without an Internet Subscription!!Total population in households!!RACE AND HISPANIC OR LATINO ORIGIN!!White alone",
"S2802_C05_005M","Margin of Error!!With a computer!!Percent without an Internet Subscription MOE!!Total population in households!!RACE AND HISPANIC OR LATINO ORIGIN!!White alone",
"S2802_C05_006E","Estimate!!With a computer!!Percent without an Internet Subscription!!Total population in households!!RACE AND HISPANIC OR LATINO ORIGIN!!Black or African American alone",
"S2802_C05_006M","Margin of Error!!With a computer!!Percent without an Internet Subscription MOE!!Total population in households!!RACE AND HISPANIC OR LATINO ORIGIN!!Black or African American alone",
"S2802_C05_007E","Estimate!!With a computer!!Percent without an Internet Subscription!!Total population in households!!RACE AND HISPANIC OR LATINO ORIGIN!!American Indian and Alaska Native alone",
"S2802_C05_007M","Margin of Error!!With a computer!!Percent without an Internet Subscription MOE!!Total population in households!!RACE AND HISPANIC OR LATINO ORIGIN!!American Indian and Alaska Native alone",
"S2802_C05_008E","Estimate!!With a computer!!Percent without an Internet Subscription!!Total population in households!!RACE AND HISPANIC OR LATINO ORIGIN!!Asian alone",
"S2802_C05_008M","Margin of Error!!With a computer!!Percent without an Internet Subscription MOE!!Total population in households!!RACE AND HISPANIC OR LATINO ORIGIN!!Asian alone",
"S2802_C05_009E","Estimate!!With a computer!!Percent without an Internet Subscription!!Total population in households!!RACE AND HISPANIC OR LATINO ORIGIN!!Native Hawaiian and Other Pacific Islander alone",
"S2802_C05_009M","Margin of Error!!With a computer!!Percent without an Internet Subscription MOE!!Total population in households!!RACE AND HISPANIC OR LATINO ORIGIN!!Native Hawaiian and Other Pacific Islander alone",
"S2802_C05_010E","Estimate!!With a computer!!Percent without an Internet Subscription!!Total population in households!!RACE AND HISPANIC OR LATINO ORIGIN!!Some other race alone",
"S2802_C05_010M","Margin of Error!!With a computer!!Percent without an Internet Subscription MOE!!Total population in households!!RACE AND HISPANIC OR LATINO ORIGIN!!Some other race alone",
"S2802_C05_011E","Estimate!!With a computer!!Percent without an Internet Subscription!!Total population in households!!RACE AND HISPANIC OR LATINO ORIGIN!!Two or more races",
"S2802_C05_011M","Margin of Error!!With a computer!!Percent without an Internet Subscription MOE!!Total population in households!!RACE AND HISPANIC OR LATINO ORIGIN!!Two or more races",
"S2802_C05_012E","Estimate!!With a computer!!Percent without an Internet Subscription!!Total population in households!!RACE AND HISPANIC OR LATINO ORIGIN!!Hispanic or Latino origin (of any race)",
"S2802_C05_012M","Margin of Error!!With a computer!!Percent without an Internet Subscription MOE!!Total population in households!!RACE AND HISPANIC OR LATINO ORIGIN!!Hispanic or Latino origin (of any race)",
"S2802_C05_013E","Estimate!!With a computer!!Percent without an Internet Subscription!!Total population in households!!RACE AND HISPANIC OR LATINO ORIGIN!!White alone, not Hispanic or Latino",
"S2802_C05_013M","Margin of Error!!With a computer!!Percent without an Internet Subscription MOE!!Total population in households!!RACE AND HISPANIC OR LATINO ORIGIN!!White alone, not Hispanic or Latino",
"S2802_C05_014E","Estimate!!With a computer!!Percent without an Internet Subscription!!Total population in households!!EDUCATIONAL ATTAINMENT!!Household population 25 years and over",
"S2802_C05_014M","Margin of Error!!With a computer!!Percent without an Internet Subscription MOE!!Total population in households!!EDUCATIONAL ATTAINMENT!!Household population 25 years and over",
"S2802_C05_015E","Estimate!!With a computer!!Percent without an Internet Subscription!!Total population in households!!EDUCATIONAL ATTAINMENT!!Household population 25 years and over!!Less than high school graduate or equivalency",
"S2802_C05_015M","Margin of Error!!With a computer!!Percent without an Internet Subscription MOE!!Total population in households!!EDUCATIONAL ATTAINMENT!!Household population 25 years and over!!Less than high school graduate or equivalency",
"S2802_C05_016E","Estimate!!With a computer!!Percent without an Internet Subscription!!Total population in households!!EDUCATIONAL ATTAINMENT!!Household population 25 years and over!!High school graduate (includes equivalency), some college or associate's degree",
"S2802_C05_016M","Margin of Error!!With a computer!!Percent without an Internet Subscription MOE!!Total population in households!!EDUCATIONAL ATTAINMENT!!Household population 25 years and over!!High school graduate (includes equivalency), some college or associate's degree",
"S2802_C05_017E","Estimate!!With a computer!!Percent without an Internet Subscription!!Total population in households!!EDUCATIONAL ATTAINMENT!!Household population 25 years and over!!Bachelor's degree or higher",
"S2802_C05_017M","Margin of Error!!With a computer!!Percent without an Internet Subscription MOE!!Total population in households!!EDUCATIONAL ATTAINMENT!!Household population 25 years and over!!Bachelor's degree or higher",
"S2802_C05_018E","Estimate!!With a computer!!Percent without an Internet Subscription!!Total population in households!!EMPLOYMENT STATUS!!Civilian population 16 years and over",
"S2802_C05_018M","Margin of Error!!With a computer!!Percent without an Internet Subscription MOE!!Total population in households!!EMPLOYMENT STATUS!!Civilian population 16 years and over",
"S2802_C05_019E","Estimate!!With a computer!!Percent without an Internet Subscription!!Total population in households!!EMPLOYMENT STATUS!!Civilian population 16 years and over!!In labor force",
"S2802_C05_019M","Margin of Error!!With a computer!!Percent without an Internet Subscription MOE!!Total population in households!!EMPLOYMENT STATUS!!Civilian population 16 years and over!!In labor force",
"S2802_C05_020E","Estimate!!With a computer!!Percent without an Internet Subscription!!Total population in households!!EMPLOYMENT STATUS!!Civilian population 16 years and over!!In labor force!!Employed",
"S2802_C05_020M","Margin of Error!!With a computer!!Percent without an Internet Subscription MOE!!Total population in households!!EMPLOYMENT STATUS!!Civilian population 16 years and over!!In labor force!!Employed",
"S2802_C05_021E","Estimate!!With a computer!!Percent without an Internet Subscription!!Total population in households!!EMPLOYMENT STATUS!!Civilian population 16 years and over!!In labor force!!Unemployed",
"S2802_C05_021M","Margin of Error!!With a computer!!Percent without an Internet Subscription MOE!!Total population in households!!EMPLOYMENT STATUS!!Civilian population 16 years and over!!In labor force!!Unemployed",
"S2802_C05_022E","Estimate!!With a computer!!Percent without an Internet Subscription!!Total population in households!!EMPLOYMENT STATUS!!Civilian population 16 years and over!!Not in labor force",
"S2802_C05_022M","Margin of Error!!With a computer!!Percent without an Internet Subscription MOE!!Total population in households!!EMPLOYMENT STATUS!!Civilian population 16 years and over!!Not in labor force",
"S2802_C06_001E","Estimate!!No computer in household!!Total population in households",
"S2802_C06_001M","Margin of Error!!No computer in household MOE!!Total population in households",
"S2802_C06_002E","Estimate!!No computer in household!!Total population in households!!AGE!!Under 18 years",
"S2802_C06_002M","Margin of Error!!No computer in household MOE!!Total population in households!!AGE!!Under 18 years",
"S2802_C06_003E","Estimate!!No computer in household!!Total population in households!!AGE!!18 to 64 years",
"S2802_C06_003M","Margin of Error!!No computer in household MOE!!Total population in households!!AGE!!18 to 64 years",
"S2802_C06_004E","Estimate!!No computer in household!!Total population in households!!AGE!!65 years and over",
"S2802_C06_004M","Margin of Error!!No computer in household MOE!!Total population in households!!AGE!!65 years and over",
"S2802_C06_005E","Estimate!!No computer in household!!Total population in households!!RACE AND HISPANIC OR LATINO ORIGIN!!White alone",
"S2802_C06_005M","Margin of Error!!No computer in household MOE!!Total population in households!!RACE AND HISPANIC OR LATINO ORIGIN!!White alone",
"S2802_C06_006E","Estimate!!No computer in household!!Total population in households!!RACE AND HISPANIC OR LATINO ORIGIN!!Black or African American alone",
"S2802_C06_006M","Margin of Error!!No computer in household MOE!!Total population in households!!RACE AND HISPANIC OR LATINO ORIGIN!!Black or African American alone",
"S2802_C06_007E","Estimate!!No computer in household!!Total population in households!!RACE AND HISPANIC OR LATINO ORIGIN!!American Indian and Alaska Native alone",
"S2802_C06_007M","Margin of Error!!No computer in household MOE!!Total population in households!!RACE AND HISPANIC OR LATINO ORIGIN!!American Indian and Alaska Native alone",
"S2802_C06_008E","Estimate!!No computer in household!!Total population in households!!RACE AND HISPANIC OR LATINO ORIGIN!!Asian alone",
"S2802_C06_008M","Margin of Error!!No computer in household MOE!!Total population in households!!RACE AND HISPANIC OR LATINO ORIGIN!!Asian alone",
"S2802_C06_009E","Estimate!!No computer in household!!Total population in households!!RACE AND HISPANIC OR LATINO ORIGIN!!Native Hawaiian and Other Pacific Islander alone",
"S2802_C06_009M","Margin of Error!!No computer in household MOE!!Total population in households!!RACE AND HISPANIC OR LATINO ORIGIN!!Native Hawaiian and Other Pacific Islander alone",
"S2802_C06_010E","Estimate!!No computer in household!!Total population in households!!RACE AND HISPANIC OR LATINO ORIGIN!!Some other race alone",
"S2802_C06_010M","Margin of Error!!No computer in household MOE!!Total population in households!!RACE AND HISPANIC OR LATINO ORIGIN!!Some other race alone",
"S2802_C06_011E","Estimate!!No computer in household!!Total population in households!!RACE AND HISPANIC OR LATINO ORIGIN!!Two or more races",
"S2802_C06_011M","Margin of Error!!No computer in household MOE!!Total population in households!!RACE AND HISPANIC OR LATINO ORIGIN!!Two or more races",
"S2802_C06_012E","Estimate!!No computer in household!!Total population in households!!RACE AND HISPANIC OR LATINO ORIGIN!!Hispanic or Latino origin (of any race)",
"S2802_C06_012M","Margin of Error!!No computer in household MOE!!Total population in households!!RACE AND HISPANIC OR LATINO ORIGIN!!Hispanic or Latino origin (of any race)",
"S2802_C06_013E","Estimate!!No computer in household!!Total population in households!!RACE AND HISPANIC OR LATINO ORIGIN!!White alone, not Hispanic or Latino",
"S2802_C06_013M","Margin of Error!!No computer in household MOE!!Total population in households!!RACE AND HISPANIC OR LATINO ORIGIN!!White alone, not Hispanic or Latino",
"S2802_C06_014E","Estimate!!No computer in household!!Total population in households!!EDUCATIONAL ATTAINMENT!!Household population 25 years and over",
"S2802_C06_014M","Margin of Error!!No computer in household MOE!!Total population in households!!EDUCATIONAL ATTAINMENT!!Household population 25 years and over",
"S2802_C06_015E","Estimate!!No computer in household!!Total population in households!!EDUCATIONAL ATTAINMENT!!Household population 25 years and over!!Less than high school graduate or equivalency",
"S2802_C06_015M","Margin of Error!!No computer in household MOE!!Total population in households!!EDUCATIONAL ATTAINMENT!!Household population 25 years and over!!Less than high school graduate or equivalency",
"S2802_C06_016E","Estimate!!No computer in household!!Total population in households!!EDUCATIONAL ATTAINMENT!!Household population 25 years and over!!High school graduate (includes equivalency), some college or associate's degree",
"S2802_C06_016M","Margin of Error!!No computer in household MOE!!Total population in households!!EDUCATIONAL ATTAINMENT!!Household population 25 years and over!!High school graduate (includes equivalency), some college or associate's degree",
"S2802_C06_017E","Estimate!!No computer in household!!Total population in households!!EDUCATIONAL ATTAINMENT!!Household population 25 years and over!!Bachelor's degree or higher",
"S2802_C06_017M","Margin of Error!!No computer in household MOE!!Total population in households!!EDUCATIONAL ATTAINMENT!!Household population 25 years and over!!Bachelor's degree or higher",
"S2802_C06_018E","Estimate!!No computer in household!!Total population in households!!EMPLOYMENT STATUS!!Civilian population 16 years and over",
"S2802_C06_018M","Margin of Error!!No computer in household MOE!!Total population in households!!EMPLOYMENT STATUS!!Civilian population 16 years and over",
"S2802_C06_019E","Estimate!!No computer in household!!Total population in households!!EMPLOYMENT STATUS!!Civilian population 16 years and over!!In labor force",
"S2802_C06_019M","Margin of Error!!No computer in household MOE!!Total population in households!!EMPLOYMENT STATUS!!Civilian population 16 years and over!!In labor force",
"S2802_C06_020E","Estimate!!No computer in household!!Total population in households!!EMPLOYMENT STATUS!!Civilian population 16 years and over!!In labor force!!Employed",
"S2802_C06_020M","Margin of Error!!No computer in household MOE!!Total population in households!!EMPLOYMENT STATUS!!Civilian population 16 years and over!!In labor force!!Employed",
"S2802_C06_021E","Estimate!!No computer in household!!Total population in households!!EMPLOYMENT STATUS!!Civilian population 16 years and over!!In labor force!!Unemployed",
"S2802_C06_021M","Margin of Error!!No computer in household MOE!!Total population in households!!EMPLOYMENT STATUS!!Civilian population 16 years and over!!In labor force!!Unemployed",
"S2802_C06_022E","Estimate!!No computer in household!!Total population in households!!EMPLOYMENT STATUS!!Civilian population 16 years and over!!Not in labor force",
"S2802_C06_022M","Margin of Error!!No computer in household MOE!!Total population in households!!EMPLOYMENT STATUS!!Civilian population 16 years and over!!Not in labor force",
"S2802_C07_001E","Estimate!!Percent no computer in household!!Total population in households",
"S2802_C07_001M","Margin of Error!!Percent no computer in household MOE!!Total population in households",
"S2802_C07_002E","Estimate!!Percent no computer in household!!Total population in households!!AGE!!Under 18 years",
"S2802_C07_002M","Margin of Error!!Percent no computer in household MOE!!Total population in households!!AGE!!Under 18 years",
"S2802_C07_003E","Estimate!!Percent no computer in household!!Total population in households!!AGE!!18 to 64 years",
"S2802_C07_003M","Margin of Error!!Percent no computer in household MOE!!Total population in households!!AGE!!18 to 64 years",
"S2802_C07_004E","Estimate!!Percent no computer in household!!Total population in households!!AGE!!65 years and over",
"S2802_C07_004M","Margin of Error!!Percent no computer in household MOE!!Total population in households!!AGE!!65 years and over",
"S2802_C07_005E","Estimate!!Percent no computer in household!!Total population in households!!RACE AND HISPANIC OR LATINO ORIGIN!!White alone",
"S2802_C07_005M","Margin of Error!!Percent no computer in household MOE!!Total population in households!!RACE AND HISPANIC OR LATINO ORIGIN!!White alone",
"S2802_C07_006E","Estimate!!Percent no computer in household!!Total population in households!!RACE AND HISPANIC OR LATINO ORIGIN!!Black or African American alone",
"S2802_C07_006M","Margin of Error!!Percent no computer in household MOE!!Total population in households!!RACE AND HISPANIC OR LATINO ORIGIN!!Black or African American alone",
"S2802_C07_007E","Estimate!!Percent no computer in household!!Total population in households!!RACE AND HISPANIC OR LATINO ORIGIN!!American Indian and Alaska Native alone",
"S2802_C07_007M","Margin of Error!!Percent no computer in household MOE!!Total population in households!!RACE AND HISPANIC OR LATINO ORIGIN!!American Indian and Alaska Native alone",
"S2802_C07_008E","Estimate!!Percent no computer in household!!Total population in households!!RACE AND HISPANIC OR LATINO ORIGIN!!Asian alone",
"S2802_C07_008M","Margin of Error!!Percent no computer in household MOE!!Total population in households!!RACE AND HISPANIC OR LATINO ORIGIN!!Asian alone",
"S2802_C07_009E","Estimate!!Percent no computer in household!!Total population in households!!RACE AND HISPANIC OR LATINO ORIGIN!!Native Hawaiian and Other Pacific Islander alone",
"S2802_C07_009M","Margin of Error!!Percent no computer in household MOE!!Total population in households!!RACE AND HISPANIC OR LATINO ORIGIN!!Native Hawaiian and Other Pacific Islander alone",
"S2802_C07_010E","Estimate!!Percent no computer in household!!Total population in households!!RACE AND HISPANIC OR LATINO ORIGIN!!Some other race alone",
"S2802_C07_010M","Margin of Error!!Percent no computer in household MOE!!Total population in households!!RACE AND HISPANIC OR LATINO ORIGIN!!Some other race alone",
"S2802_C07_011E","Estimate!!Percent no computer in household!!Total population in households!!RACE AND HISPANIC OR LATINO ORIGIN!!Two or more races",
"S2802_C07_011M","Margin of Error!!Percent no computer in household MOE!!Total population in households!!RACE AND HISPANIC OR LATINO ORIGIN!!Two or more races",
"S2802_C07_012E","Estimate!!Percent no computer in household!!Total population in households!!RACE AND HISPANIC OR LATINO ORIGIN!!Hispanic or Latino origin (of any race)",
"S2802_C07_012M","Margin of Error!!Percent no computer in household MOE!!Total population in households!!RACE AND HISPANIC OR LATINO ORIGIN!!Hispanic or Latino origin (of any race)",
"S2802_C07_013E","Estimate!!Percent no computer in household!!Total population in households!!RACE AND HISPANIC OR LATINO ORIGIN!!White alone, not Hispanic or Latino",
"S2802_C07_013M","Margin of Error!!Percent no computer in household MOE!!Total population in households!!RACE AND HISPANIC OR LATINO ORIGIN!!White alone, not Hispanic or Latino",
"S2802_C07_014E","Estimate!!Percent no computer in household!!Total population in households!!EDUCATIONAL ATTAINMENT!!Household population 25 years and over",
"S2802_C07_014M","Margin of Error!!Percent no computer in household MOE!!Total population in households!!EDUCATIONAL ATTAINMENT!!Household population 25 years and over",
"S2802_C07_015E","Estimate!!Percent no computer in household!!Total population in households!!EDUCATIONAL ATTAINMENT!!Household population 25 years and over!!Less than high school graduate or equivalency",
"S2802_C07_015M","Margin of Error!!Percent no computer in household MOE!!Total population in households!!EDUCATIONAL ATTAINMENT!!Household population 25 years and over!!Less than high school graduate or equivalency",
"S2802_C07_016E","Estimate!!Percent no computer in household!!Total population in households!!EDUCATIONAL ATTAINMENT!!Household population 25 years and over!!High school graduate (includes equivalency), some college or associate's degree",
"S2802_C07_016M","Margin of Error!!Percent no computer in household MOE!!Total population in households!!EDUCATIONAL ATTAINMENT!!Household population 25 years and over!!High school graduate (includes equivalency), some college or associate's degree",
"S2802_C07_017E","Estimate!!Percent no computer in household!!Total population in households!!EDUCATIONAL ATTAINMENT!!Household population 25 years and over!!Bachelor's degree or higher",
"S2802_C07_017M","Margin of Error!!Percent no computer in household MOE!!Total population in households!!EDUCATIONAL ATTAINMENT!!Household population 25 years and over!!Bachelor's degree or higher",
"S2802_C07_018E","Estimate!!Percent no computer in household!!Total population in households!!EMPLOYMENT STATUS!!Civilian population 16 years and over",
"S2802_C07_018M","Margin of Error!!Percent no computer in household MOE!!Total population in households!!EMPLOYMENT STATUS!!Civilian population 16 years and over",
"S2802_C07_019E","Estimate!!Percent no computer in household!!Total population in households!!EMPLOYMENT STATUS!!Civilian population 16 years and over!!In labor force",
"S2802_C07_019M","Margin of Error!!Percent no computer in household MOE!!Total population in households!!EMPLOYMENT STATUS!!Civilian population 16 years and over!!In labor force",
"S2802_C07_020E","Estimate!!Percent no computer in household!!Total population in households!!EMPLOYMENT STATUS!!Civilian population 16 years and over!!In labor force!!Employed",
"S2802_C07_020M","Margin of Error!!Percent no computer in household MOE!!Total population in households!!EMPLOYMENT STATUS!!Civilian population 16 years and over!!In labor force!!Employed",
"S2802_C07_021E","Estimate!!Percent no computer in household!!Total population in households!!EMPLOYMENT STATUS!!Civilian population 16 years and over!!In labor force!!Unemployed",
"S2802_C07_021M","Margin of Error!!Percent no computer in household MOE!!Total population in households!!EMPLOYMENT STATUS!!Civilian population 16 years and over!!In labor force!!Unemployed",
"S2802_C07_022E","Estimate!!Percent no computer in household!!Total population in households!!EMPLOYMENT STATUS!!Civilian population 16 years and over!!Not in labor force",
"S2802_C07_022M","Margin of Error!!Percent no computer in household MOE!!Total population in households!!EMPLOYMENT STATUS!!Civilian population 16 years and over!!Not in labor force",
