"GEO_ID","id",
"NAME","Geographic Area Name",
"S2801_C01_001E","Total!!Estimate!!Total households",
"S2801_C01_001M","Total!!Margin of Error!!Total households",
"S2801_C01_002E","Total!!Estimate!!TYPES OF COMPUTER!!Has a computer",
"S2801_C01_002M","Total!!Margin of Error!!TYPES OF COMPUTER!!Has a computer",
"S2801_C01_003E","Total!!Estimate!!TYPES OF COMPUTER!!Has a computer!!Desktop or laptop",
"S2801_C01_003M","Total!!Margin of Error!!TYPES OF COMPUTER!!Has a computer!!Desktop or laptop",
"S2801_C01_004E","Total!!Estimate!!TYPES OF COMPUTER!!Has a computer!!Desktop or laptop!!Desktop or laptop alone",
"S2801_C01_004M","Total!!Margin of Error!!TYPES OF COMPUTER!!Has a computer!!Desktop or laptop!!Desktop or laptop alone",
"S2801_C01_005E","Total!!Estimate!!TYPES OF COMPUTER!!Has a computer!!Handheld computer",
"S2801_C01_005M","Total!!Margin of Error!!TYPES OF COMPUTER!!Has a computer!!Handheld computer",
"S2801_C01_006E","Total!!Estimate!!TYPES OF COMPUTER!!Has a computer!!Handheld computer!!Handheld computer alone",
"S2801_C01_006M","Total!!Margin of Error!!TYPES OF COMPUTER!!Has a computer!!Handheld computer!!Handheld computer alone",
"S2801_C01_007E","Total!!Estimate!!TYPES OF COMPUTER!!Has a computer!!Other computer",
"S2801_C01_007M","Total!!Margin of Error!!TYPES OF COMPUTER!!Has a computer!!Other computer",
"S2801_C01_008E","Total!!Estimate!!TYPES OF COMPUTER!!Has a computer!!Other computer!!Other computer alone",
"S2801_C01_008M","Total!!Margin of Error!!TYPES OF COMPUTER!!Has a computer!!Other computer!!Other computer alone",
"S2801_C01_009E","Total!!Estimate!!TYPES OF COMPUTER!!No computer",
"S2801_C01_009M","Total!!Margin of Error!!TYPES OF COMPUTER!!No computer",
"S2801_C01_010E","Total!!Estimate!!TYPE OF INTERNET SUBSCRIPTIONS!!With an Internet subscription",
"S2801_C01_010M","Total!!Margin of Error!!TYPE OF INTERNET SUBSCRIPTIONS!!With an Internet subscription",
"S2801_C01_011E","Total!!Estimate!!TYPE OF INTERNET SUBSCRIPTIONS!!With an Internet subscription!!Dial-up alone (no broadband subscription)",
"S2801_C01_011M","Total!!Margin of Error!!TYPE OF INTERNET SUBSCRIPTIONS!!With an Internet subscription!!Dial-up alone (no broadband subscription)",
"S2801_C01_012E","Total!!Estimate!!TYPE OF INTERNET SUBSCRIPTIONS!!With an Internet subscription!!With broadband subscription",
"S2801_C01_012M","Total!!Margin of Error!!TYPE OF INTERNET SUBSCRIPTIONS!!With an Internet subscription!!With broadband subscription",
"S2801_C01_013E","Total!!Estimate!!TYPE OF INTERNET SUBSCRIPTIONS!!With an Internet subscription!!With broadband subscription!!DSL",
"S2801_C01_013M","Total!!Margin of Error!!TYPE OF INTERNET SUBSCRIPTIONS!!With an Internet subscription!!With broadband subscription!!DSL",
"S2801_C01_014E","Total!!Estimate!!TYPE OF INTERNET SUBSCRIPTIONS!!With an Internet subscription!!With broadband subscription!!DSL!!Mobile broadband",
"S2801_C01_014M","Total!!Margin of Error!!TYPE OF INTERNET SUBSCRIPTIONS!!With an Internet subscription!!With broadband subscription!!DSL!!Mobile broadband",
"S2801_C01_015E","Total!!Estimate!!TYPE OF INTERNET SUBSCRIPTIONS!!With an Internet subscription!!With broadband subscription!!DSL!!Mobile broadband!!Mobile broadband alone or with dialup",
"S2801_C01_015M","Total!!Margin of Error!!TYPE OF INTERNET SUBSCRIPTIONS!!With an Internet subscription!!With broadband subscription!!DSL!!Mobile broadband!!Mobile broadband alone or with dialup",
"S2801_C01_016E","Total!!Estimate!!TYPE OF INTERNET SUBSCRIPTIONS!!With an Internet subscription!!With broadband subscription!!DSL!!Cable modem",
"S2801_C01_016M","Total!!Margin of Error!!TYPE OF INTERNET SUBSCRIPTIONS!!With an Internet subscription!!With broadband subscription!!DSL!!Cable modem",
"S2801_C01_017E","Total!!Estimate!!TYPE OF INTERNET SUBSCRIPTIONS!!With an Internet subscription!!With broadband subscription!!DSL!!Fiber-optic",
"S2801_C01_017M","Total!!Margin of Error!!TYPE OF INTERNET SUBSCRIPTIONS!!With an Internet subscription!!With broadband subscription!!DSL!!Fiber-optic",
"S2801_C01_018E","Total!!Estimate!!TYPE OF INTERNET SUBSCRIPTIONS!!With an Internet subscription!!With broadband subscription!!DSL!!Satellite Internet service",
"S2801_C01_018M","Total!!Margin of Error!!TYPE OF INTERNET SUBSCRIPTIONS!!With an Internet subscription!!With broadband subscription!!DSL!!Satellite Internet service",
"S2801_C01_019E","Total!!Estimate!!TYPE OF INTERNET SUBSCRIPTIONS!!With an Internet subscription!!Without an Internet subscription",
"S2801_C01_019M","Total!!Margin of Error!!TYPE OF INTERNET SUBSCRIPTIONS!!With an Internet subscription!!Without an Internet subscription",
"S2801_C01_020E","Total!!Estimate!!HOUSEHOLD INCOME IN THE PAST 12 MONTHS (IN 2015 INFLATION-ADJUSTED DOLLARS)!!Less than $20,000",
"S2801_C01_020M","Total!!Margin of Error!!HOUSEHOLD INCOME IN THE PAST 12 MONTHS (IN 2015 INFLATION-ADJUSTED DOLLARS)!!Less than $20,000",
"S2801_C01_021E","Total!!Estimate!!HOUSEHOLD INCOME IN THE PAST 12 MONTHS (IN 2015 INFLATION-ADJUSTED DOLLARS)!!Less than $20,000!!With dial-up Internet subscription alone",
"S2801_C01_021M","Total!!Margin of Error!!HOUSEHOLD INCOME IN THE PAST 12 MONTHS (IN 2015 INFLATION-ADJUSTED DOLLARS)!!Less than $20,000!!With dial-up Internet subscription alone",
"S2801_C01_022E","Total!!Estimate!!HOUSEHOLD INCOME IN THE PAST 12 MONTHS (IN 2015 INFLATION-ADJUSTED DOLLARS)!!Less than $20,000!!With a broadband Internet subscription",
"S2801_C01_022M","Total!!Margin of Error!!HOUSEHOLD INCOME IN THE PAST 12 MONTHS (IN 2015 INFLATION-ADJUSTED DOLLARS)!!Less than $20,000!!With a broadband Internet subscription",
"S2801_C01_023E","Total!!Estimate!!HOUSEHOLD INCOME IN THE PAST 12 MONTHS (IN 2015 INFLATION-ADJUSTED DOLLARS)!!Less than $20,000!!Without an Internet subscription",
"S2801_C01_023M","Total!!Margin of Error!!HOUSEHOLD INCOME IN THE PAST 12 MONTHS (IN 2015 INFLATION-ADJUSTED DOLLARS)!!Less than $20,000!!Without an Internet subscription",
"S2801_C01_024E","Total!!Estimate!!HOUSEHOLD INCOME IN THE PAST 12 MONTHS (IN 2015 INFLATION-ADJUSTED DOLLARS)!!$20,000 to $74,999",
"S2801_C01_024M","Total!!Margin of Error!!HOUSEHOLD INCOME IN THE PAST 12 MONTHS (IN 2015 INFLATION-ADJUSTED DOLLARS)!!$20,000 to $74,999",
"S2801_C01_025E","Total!!Estimate!!HOUSEHOLD INCOME IN THE PAST 12 MONTHS (IN 2015 INFLATION-ADJUSTED DOLLARS)!!$20,000 to $74,999!!With dial-up Internet subscription alone",
"S2801_C01_025M","Total!!Margin of Error!!HOUSEHOLD INCOME IN THE PAST 12 MONTHS (IN 2015 INFLATION-ADJUSTED DOLLARS)!!$20,000 to $74,999!!With dial-up Internet subscription alone",
"S2801_C01_026E","Total!!Estimate!!HOUSEHOLD INCOME IN THE PAST 12 MONTHS (IN 2015 INFLATION-ADJUSTED DOLLARS)!!$20,000 to $74,999!!With a broadband Internet subscription",
"S2801_C01_026M","Total!!Margin of Error!!HOUSEHOLD INCOME IN THE PAST 12 MONTHS (IN 2015 INFLATION-ADJUSTED DOLLARS)!!$20,000 to $74,999!!With a broadband Internet subscription",
"S2801_C01_027E","Total!!Estimate!!HOUSEHOLD INCOME IN THE PAST 12 MONTHS (IN 2015 INFLATION-ADJUSTED DOLLARS)!!$20,000 to $74,999!!Without an Internet subscription",
"S2801_C01_027M","Total!!Margin of Error!!HOUSEHOLD INCOME IN THE PAST 12 MONTHS (IN 2015 INFLATION-ADJUSTED DOLLARS)!!$20,000 to $74,999!!Without an Internet subscription",
"S2801_C01_028E","Total!!Estimate!!HOUSEHOLD INCOME IN THE PAST 12 MONTHS (IN 2015 INFLATION-ADJUSTED DOLLARS)!!$75,000 or more",
"S2801_C01_028M","Total!!Margin of Error!!HOUSEHOLD INCOME IN THE PAST 12 MONTHS (IN 2015 INFLATION-ADJUSTED DOLLARS)!!$75,000 or more",
"S2801_C01_029E","Total!!Estimate!!HOUSEHOLD INCOME IN THE PAST 12 MONTHS (IN 2015 INFLATION-ADJUSTED DOLLARS)!!$75,000 or more!!With dial-up Internet subscription alone",
"S2801_C01_029M","Total!!Margin of Error!!HOUSEHOLD INCOME IN THE PAST 12 MONTHS (IN 2015 INFLATION-ADJUSTED DOLLARS)!!$75,000 or more!!With dial-up Internet subscription alone",
"S2801_C01_030E","Total!!Estimate!!HOUSEHOLD INCOME IN THE PAST 12 MONTHS (IN 2015 INFLATION-ADJUSTED DOLLARS)!!$75,000 or more!!With a broadband Internet subscription",
"S2801_C01_030M","Total!!Margin of Error!!HOUSEHOLD INCOME IN THE PAST 12 MONTHS (IN 2015 INFLATION-ADJUSTED DOLLARS)!!$75,000 or more!!With a broadband Internet subscription",
"S2801_C01_031E","Total!!Estimate!!HOUSEHOLD INCOME IN THE PAST 12 MONTHS (IN 2015 INFLATION-ADJUSTED DOLLARS)!!$75,000 or more!!Without an Internet subscription",
"S2801_C01_031M","Total!!Margin of Error!!HOUSEHOLD INCOME IN THE PAST 12 MONTHS (IN 2015 INFLATION-ADJUSTED DOLLARS)!!$75,000 or more!!Without an Internet subscription",
"S2801_C02_001E","Percent!!Estimate!!Total households",
"S2801_C02_001M","Percent!!Margin of Error!!Total households",
"S2801_C02_002E","Percent!!Estimate!!TYPES OF COMPUTER!!Has a computer",
"S2801_C02_002M","Percent!!Margin of Error!!TYPES OF COMPUTER!!Has a computer",
"S2801_C02_003E","Percent!!Estimate!!TYPES OF COMPUTER!!Has a computer!!Desktop or laptop",
"S2801_C02_003M","Percent!!Margin of Error!!TYPES OF COMPUTER!!Has a computer!!Desktop or laptop",
"S2801_C02_004E","Percent!!Estimate!!TYPES OF COMPUTER!!Has a computer!!Desktop or laptop!!Desktop or laptop alone",
"S2801_C02_004M","Percent!!Margin of Error!!TYPES OF COMPUTER!!Has a computer!!Desktop or laptop!!Desktop or laptop alone",
"S2801_C02_005E","Percent!!Estimate!!TYPES OF COMPUTER!!Has a computer!!Handheld computer",
"S2801_C02_005M","Percent!!Margin of Error!!TYPES OF COMPUTER!!Has a computer!!Handheld computer",
"S2801_C02_006E","Percent!!Estimate!!TYPES OF COMPUTER!!Has a computer!!Handheld computer!!Handheld computer alone",
"S2801_C02_006M","Percent!!Margin of Error!!TYPES OF COMPUTER!!Has a computer!!Handheld computer!!Handheld computer alone",
"S2801_C02_007E","Percent!!Estimate!!TYPES OF COMPUTER!!Has a computer!!Other computer",
"S2801_C02_007M","Percent!!Margin of Error!!TYPES OF COMPUTER!!Has a computer!!Other computer",
"S2801_C02_008E","Percent!!Estimate!!TYPES OF COMPUTER!!Has a computer!!Other computer!!Other computer alone",
"S2801_C02_008M","Percent!!Margin of Error!!TYPES OF COMPUTER!!Has a computer!!Other computer!!Other computer alone",
"S2801_C02_009E","Percent!!Estimate!!TYPES OF COMPUTER!!No computer",
"S2801_C02_009M","Percent!!Margin of Error!!TYPES OF COMPUTER!!No computer",
"S2801_C02_010E","Percent!!Estimate!!TYPE OF INTERNET SUBSCRIPTIONS!!With an Internet subscription",
"S2801_C02_010M","Percent!!Margin of Error!!TYPE OF INTERNET SUBSCRIPTIONS!!With an Internet subscription",
"S2801_C02_011E","Percent!!Estimate!!TYPE OF INTERNET SUBSCRIPTIONS!!With an Internet subscription!!Dial-up alone (no broadband subscription)",
"S2801_C02_011M","Percent!!Margin of Error!!TYPE OF INTERNET SUBSCRIPTIONS!!With an Internet subscription!!Dial-up alone (no broadband subscription)",
"S2801_C02_012E","Percent!!Estimate!!TYPE OF INTERNET SUBSCRIPTIONS!!With an Internet subscription!!With broadband subscription",
"S2801_C02_012M","Percent!!Margin of Error!!TYPE OF INTERNET SUBSCRIPTIONS!!With an Internet subscription!!With broadband subscription",
"S2801_C02_013E","Percent!!Estimate!!TYPE OF INTERNET SUBSCRIPTIONS!!With an Internet subscription!!With broadband subscription!!DSL",
"S2801_C02_013M","Percent!!Margin of Error!!TYPE OF INTERNET SUBSCRIPTIONS!!With an Internet subscription!!With broadband subscription!!DSL",
"S2801_C02_014E","Percent!!Estimate!!TYPE OF INTERNET SUBSCRIPTIONS!!With an Internet subscription!!With broadband subscription!!DSL!!Mobile broadband",
"S2801_C02_014M","Percent!!Margin of Error!!TYPE OF INTERNET SUBSCRIPTIONS!!With an Internet subscription!!With broadband subscription!!DSL!!Mobile broadband",
"S2801_C02_015E","Percent!!Estimate!!TYPE OF INTERNET SUBSCRIPTIONS!!With an Internet subscription!!With broadband subscription!!DSL!!Mobile broadband!!Mobile broadband alone or with dialup",
"S2801_C02_015M","Percent!!Margin of Error!!TYPE OF INTERNET SUBSCRIPTIONS!!With an Internet subscription!!With broadband subscription!!DSL!!Mobile broadband!!Mobile broadband alone or with dialup",
"S2801_C02_016E","Percent!!Estimate!!TYPE OF INTERNET SUBSCRIPTIONS!!With an Internet subscription!!With broadband subscription!!DSL!!Cable modem",
"S2801_C02_016M","Percent!!Margin of Error!!TYPE OF INTERNET SUBSCRIPTIONS!!With an Internet subscription!!With broadband subscription!!DSL!!Cable modem",
"S2801_C02_017E","Percent!!Estimate!!TYPE OF INTERNET SUBSCRIPTIONS!!With an Internet subscription!!With broadband subscription!!DSL!!Fiber-optic",
"S2801_C02_017M","Percent!!Margin of Error!!TYPE OF INTERNET SUBSCRIPTIONS!!With an Internet subscription!!With broadband subscription!!DSL!!Fiber-optic",
"S2801_C02_018E","Percent!!Estimate!!TYPE OF INTERNET SUBSCRIPTIONS!!With an Internet subscription!!With broadband subscription!!DSL!!Satellite Internet service",
"S2801_C02_018M","Percent!!Margin of Error!!TYPE OF INTERNET SUBSCRIPTIONS!!With an Internet subscription!!With broadband subscription!!DSL!!Satellite Internet service",
"S2801_C02_019E","Percent!!Estimate!!TYPE OF INTERNET SUBSCRIPTIONS!!With an Internet subscription!!Without an Internet subscription",
"S2801_C02_019M","Percent!!Margin of Error!!TYPE OF INTERNET SUBSCRIPTIONS!!With an Internet subscription!!Without an Internet subscription",
"S2801_C02_020E","Percent!!Estimate!!HOUSEHOLD INCOME IN THE PAST 12 MONTHS (IN 2015 INFLATION-ADJUSTED DOLLARS)!!Less than $20,000",
"S2801_C02_020M","Percent!!Margin of Error!!HOUSEHOLD INCOME IN THE PAST 12 MONTHS (IN 2015 INFLATION-ADJUSTED DOLLARS)!!Less than $20,000",
"S2801_C02_021E","Percent!!Estimate!!HOUSEHOLD INCOME IN THE PAST 12 MONTHS (IN 2015 INFLATION-ADJUSTED DOLLARS)!!Less than $20,000!!With dial-up Internet subscription alone",
"S2801_C02_021M","Percent!!Margin of Error!!HOUSEHOLD INCOME IN THE PAST 12 MONTHS (IN 2015 INFLATION-ADJUSTED DOLLARS)!!Less than $20,000!!With dial-up Internet subscription alone",
"S2801_C02_022E","Percent!!Estimate!!HOUSEHOLD INCOME IN THE PAST 12 MONTHS (IN 2015 INFLATION-ADJUSTED DOLLARS)!!Less than $20,000!!With a broadband Internet subscription",
"S2801_C02_022M","Percent!!Margin of Error!!HOUSEHOLD INCOME IN THE PAST 12 MONTHS (IN 2015 INFLATION-ADJUSTED DOLLARS)!!Less than $20,000!!With a broadband Internet subscription",
"S2801_C02_023E","Percent!!Estimate!!HOUSEHOLD INCOME IN THE PAST 12 MONTHS (IN 2015 INFLATION-ADJUSTED DOLLARS)!!Less than $20,000!!Without an Internet subscription",
"S2801_C02_023M","Percent!!Margin of Error!!HOUSEHOLD INCOME IN THE PAST 12 MONTHS (IN 2015 INFLATION-ADJUSTED DOLLARS)!!Less than $20,000!!Without an Internet subscription",
"S2801_C02_024E","Percent!!Estimate!!HOUSEHOLD INCOME IN THE PAST 12 MONTHS (IN 2015 INFLATION-ADJUSTED DOLLARS)!!$20,000 to $74,999",
"S2801_C02_024M","Percent!!Margin of Error!!HOUSEHOLD INCOME IN THE PAST 12 MONTHS (IN 2015 INFLATION-ADJUSTED DOLLARS)!!$20,000 to $74,999",
"S2801_C02_025E","Percent!!Estimate!!HOUSEHOLD INCOME IN THE PAST 12 MONTHS (IN 2015 INFLATION-ADJUSTED DOLLARS)!!$20,000 to $74,999!!With dial-up Internet subscription alone",
"S2801_C02_025M","Percent!!Margin of Error!!HOUSEHOLD INCOME IN THE PAST 12 MONTHS (IN 2015 INFLATION-ADJUSTED DOLLARS)!!$20,000 to $74,999!!With dial-up Internet subscription alone",
"S2801_C02_026E","Percent!!Estimate!!HOUSEHOLD INCOME IN THE PAST 12 MONTHS (IN 2015 INFLATION-ADJUSTED DOLLARS)!!$20,000 to $74,999!!With a broadband Internet subscription",
"S2801_C02_026M","Percent!!Margin of Error!!HOUSEHOLD INCOME IN THE PAST 12 MONTHS (IN 2015 INFLATION-ADJUSTED DOLLARS)!!$20,000 to $74,999!!With a broadband Internet subscription",
"S2801_C02_027E","Percent!!Estimate!!HOUSEHOLD INCOME IN THE PAST 12 MONTHS (IN 2015 INFLATION-ADJUSTED DOLLARS)!!$20,000 to $74,999!!Without an Internet subscription",
"S2801_C02_027M","Percent!!Margin of Error!!HOUSEHOLD INCOME IN THE PAST 12 MONTHS (IN 2015 INFLATION-ADJUSTED DOLLARS)!!$20,000 to $74,999!!Without an Internet subscription",
"S2801_C02_028E","Percent!!Estimate!!HOUSEHOLD INCOME IN THE PAST 12 MONTHS (IN 2015 INFLATION-ADJUSTED DOLLARS)!!$75,000 or more",
"S2801_C02_028M","Percent!!Margin of Error!!HOUSEHOLD INCOME IN THE PAST 12 MONTHS (IN 2015 INFLATION-ADJUSTED DOLLARS)!!$75,000 or more",
"S2801_C02_029E","Percent!!Estimate!!HOUSEHOLD INCOME IN THE PAST 12 MONTHS (IN 2015 INFLATION-ADJUSTED DOLLARS)!!$75,000 or more!!With dial-up Internet subscription alone",
"S2801_C02_029M","Percent!!Margin of Error!!HOUSEHOLD INCOME IN THE PAST 12 MONTHS (IN 2015 INFLATION-ADJUSTED DOLLARS)!!$75,000 or more!!With dial-up Internet subscription alone",
"S2801_C02_030E","Percent!!Estimate!!HOUSEHOLD INCOME IN THE PAST 12 MONTHS (IN 2015 INFLATION-ADJUSTED DOLLARS)!!$75,000 or more!!With a broadband Internet subscription",
"S2801_C02_030M","Percent!!Margin of Error!!HOUSEHOLD INCOME IN THE PAST 12 MONTHS (IN 2015 INFLATION-ADJUSTED DOLLARS)!!$75,000 or more!!With a broadband Internet subscription",
"S2801_C02_031E","Percent!!Estimate!!HOUSEHOLD INCOME IN THE PAST 12 MONTHS (IN 2015 INFLATION-ADJUSTED DOLLARS)!!$75,000 or more!!Without an Internet subscription",
"S2801_C02_031M","Percent!!Margin of Error!!HOUSEHOLD INCOME IN THE PAST 12 MONTHS (IN 2015 INFLATION-ADJUSTED DOLLARS)!!$75,000 or more!!Without an Internet subscription",
